Title,Sku
"Magic: the Gathering - Hanna, Ship's Navigator - Judge Promos - Foil",002a4264a935b47c0c20aae6
Path to Exile - Explorers of Ixalan,01-NL85-RFHS
Magic: the Gathering - Entomb - Odyssey,02c9f8f8cedc46a8445e487c
Wizards of the Coast Unearth - Foil - Masters 25,03-CBU7-5ZYZ
Phantasmal Image,03a1984810bc9d3cb221c180
Magic: the Gathering - Reshape - Darksteel,03ce4de166b46b30c661cdea
Magic: the Gathering Champion39;s Helm - Commander,03f71f3dbc52e66a2052e409
Magic: the Gathering - Ancient Tomb - Tempest,04046b347a20e264e213c9a4
Magic: the Gathering - Karplusan Forest (305/351) - Commander 2016,05-8SE3-Y1R2
Magic: the Gathering - Glimmervoid - Mirrodin,05-U4FQ-KG07
Magic: the Gathering - Gitaxian Probe - FNM Promos - Foil,0518aa24f09794509bead242
"Magic: the Gathering - Phenax, God of Deception (152/165) - Born of the Gods - Foil",0568f40e24c78a5c18e163b2
Magic: the Gathering - Shadow of Doubt - Ravnica,06-NZ53-IOK5
"Magic: The Gathering - Jace, Wielder of Mysteries - Foil - Prerelease Promo",06-XNM9-5IJB
"Magic: the Gathering - Thalia, Guardian of Thraben (24) - Dark Ascension",06b3ea8b08392a246af71886
Magic: The Gathering - Aeon Engine - Commander 2019,08-U2N4-D9KD
Magic: the Gathering - Seasons Past (226/297) - Shadows Over Innistrad - Foil,09248dfd1c47f15854e66d13
"Magic: The Gathering - Emry, Lurker of The Loch - Throne of Eldraine",0B-TG2J-SFGW
"Magic: the Gathering - Akiri, Line-Slinger (026/351) - Commander 2016 - Foil",0C-QETE-YRI7
Magic: the Gathering - Bloodline Keeper // Lord of Lineage - Innistrad,0E-BAID-E6U4
Magic: The Gathering - Swamp - Dimir (A02) - Foil Ravnica Weekend Promo - Unique and Miscellaneous Promo,0F-2FAE-MBVK
Magic: The Gathering - Bitterblossom - Foil - Ultimate Masters - Mythic,0F-BFQ3-9526
History of Benalia - Foil - Dominaria,0F-H6DH-J7NO
Magic: the Gathering - Baleful Strix (181/351) - Commander 2016,0I-PEWW-3OY7
Wizards of the Coast Swiftfoot Boots - Foil - Masters 25,0J-P9UJ-C8W9
"Magic: The Gathering - Omnath, Locus of The Roil - Promo Pack: Core Set 2020",0L-2J1N-BDAK
Magic: the Gathering - All is Dust - Modern Masters 2015 - Foil,0L-89BY-FD2I
"Magic: The Gathering - Rankle, Master of Pranks - Throne of Eldraine",0N-5TQS-I9KG
"Magic: the Gathering - Ob Nixilis, Unshackled (110/269) - Magic 2015",0O-9NDU-RZX5
Magic: the Gathering - Wirewood Lodge - Onslaught,0O-NNVZ-NEN9
Magic: The Gathering - Sublime Archangel - Foil - Ultimate Masters - Rare,0O-PSK7-0XU8
Magic: the Gathering - Ajani Steadfast (001/269) - Unique & Misc. Promos - Foil,0R-KN17-P7CH
Magic: the Gathering - Life from the Loam - Ravnica,0S-M4W7-VZHZ
Tidespout Tyrant - Foil - 034/254 - R - Battlebond,0T-L3FV-DDS3
Magic: The Gathering - Vivien of The Arkbow - Foil - Planeswalker Deck Exclusive - Core Set 2019,0V-D28Y-CJWI
"Thalia, Guardian of Thraben - Masters 25",0X-1K55-SXRI
"Magic: The Gathering - Ajani, Adversary of Tyrants - Foil - Prerelease Promos",0X-GEYC-UUP1
Magic: The Gathering - Elsha of The Infinite - Foil - Commander 2019,0Y-PWZF-G3VQ
Magic: the Gathering - Mindbreak Trap (57) - Zendikar,0dda3d09d3aaaf95459b5895
Magic: the Gathering - Grave Titan - Unique & Misc. Promos,0e92c25e8b98dc76186af63f
Magic: The Gathering - Boon Reflection - Shadowmoor,0f04a4d24e4326cfb46d376a
Magic: the Gathering - Sword of Fire and Ice - Darksteel,1037bb1a2289a4d033e7bbc5
Magic: the Gathering - Bane of Progress (175/342) - Commander 2015,11-BC3T-OW8Q
Magic: the Gathering - Sleight of Hand - Portal Second Age,11-XWGB-0IJE
Ad Nauseam,11996904a6e0f20b17fb4aeb
Coldsteel Heart - Commander Anthology Vol. II,12-69LC-4U8B
Magic: the Gathering - Greater Gargadon - Modern Masters,13d606fee14f1f6b3d04736f
Magic: the Gathering - Words of Wind - Onslaught,141fd8afe896623e8a9215a4
"Magic: the Gathering - Ajani, Mentor of Heroes (145/165) - Journey into Nyx - Foil",15fc8749f163c9a5b86a2663
"Magic: the Gathering - Karametra, God of Harvests (148/165) - Born of the Gods - Foil",18-92UY-JMMA
Magic: the Gathering - Reconnaissance - Exodus,18-CJQN-NFME
Magic: The Gathering - Bonecrusher Giant - Showcase - Throne of Eldraine,18-XDYA-7R00
"MTG War of the Spark: Ilharg, The Raze-Boar - 133/264 - Rare - NM/M",18-XW8Q-FNAD
Magic: the Gathering - Show and Tell (121/221) - Conspiracy 2: Take the Crown,19-BWCP-TOGE
"Magic: The Gathering - Chandra, Acolyte of Flame - Core Set 2020",19-RCUM-UJXW
Magic The Gathering Darkslick Shores,1929f9e5e12b3412ae37551c
Wizards of the Coast Vindicate - Foil - Masterpiece Series: Amonkhet Invocations,1D-3P5H-8ZOH
Magic: The Gathering - Serra The Benevolent - Modern Horizons,1G-KD27-TI58
Magic: the Gathering Mizzix39;s Mastery - Commander 2015,1H-QVA8-IQV1
Wizards of the Coast Jace's Phantasm - Foil - Iconic Masters,1I-T4VD-BWK5
Magic: the Gathering - Gavony Township - Innistrad - Foil,1J-FPLC-WWED
Magic: the Gathering - Maelstrom Wanderer - Commander's Arsenal - Foil,1L-AUJH-3XRD
Magic: the Gathering - Homeward Path (301/351) - Commander 2016,1P-I68H-TRMQ
Wizards of the Coast Loyal Retainers - Foil - Masterpiece Series: Amonkhet Invocations,1R-6A8D-4LSY
Magic: the Gathering - Fell the Mighty (007/337) - Commander 2014,1U-8W4X-7SI3
Magic: the Gathering - Sapphire Medallion - Commander 2014,1V-FO8X-PCCF
Choke - Foil - Masterpiece Series: Amonkhet Invocations,1V-NJMV-S15E
Magic: the Gathering - Regrowth Foil - DCI Judge Rewards - Judge Promos - Foil,1W-2DDF-V79V
Magic: the Gathering - Liliana Vess - Magic 2011,1X-B9IK-BP5G
Magic: the Gathering - Lightning Greaves (257/342) - Commander 2015,1Y-B7BG-HCW9
"Magic: the Gathering - Teysa, Orzhov Scion - Guildpact",1Z-WYIZ-58S7
Magic: the Gathering - Root Sliver - Legions - Foil,1a13be54399300aed00e4d38
Magic: the Gathering - Wheel of Fate - Time Spiral,1a872d69b21c1b6c3d7076f3
Magic: the Gathering - Remand (055/249) - Modern Masters 2015,1c0495876ca428a7872c0fd0
"Magic: the Gathering - Cao Cao, Lord of Wei - From the Vault: Legends - Foil",1c0aa2a30a92ee1e76deb4cd
Magic: the Gathering - Rune-Scarred Demon - Magic 2012,1de6172a60bbee96480a9f25
Magic: the Gathering - Questing Phelddagrif - Planeshift - Foil,1e3f9468f853690c9783fef0
Magic: the Gathering - Karakas (6) - Judge Promos - Foil,1f874388d2a5f9b58d182acf
"Magic: the Gathering - Avacyn, Angel of Hope (6) - Avacyn Restored",20-4XZE-UJQY
Magic: the Gathering - Mana Drain - Judge Promos,20-ALDH-H21J
Magic: the Gathering - Batterskull - Grand Prix Promo - Unique & Misc. Promos - Foil,205b490d42c79783c1e305db
Magic: the Gathering - Restore Balance - Time Spiral,2077e0d6c87f11165c78b192
"Titania, Protector of Argoth - Commander Anthology",21-2XGD-71WP
Wizards of the Coast Cryptic Command - Iconic Masters,21-WUII-PRK8
Magic: the Gathering - Primal Command - Lorwyn - Foil,2115f70843300a226a65171c
Magic: the Gathering - Norin the Wary - Time Spiral,22-AECC-ZX80
Magic: the Gathering - Celestial Purge - Textless Player Rewards - Player Rewards Promos,22-P2IQ-MRIC
Tendershoot Dryad - Foil - Rivals of Ixalan,22-PLFT-UP2T
Magic: the Gathering - Wooded Foothills (249/269) - Khans of Tarkir,223b4288bb0d2321c2b71f7f
"Magic: The Gathering - Neheb, The Eternal - Foil - Prerelease Promo",23-7974-12JT
River Kelpie,23049ab84556b781168cf237
Magic: the Gathering - War Tax - Mercadian Masques,23ad1534563752fe69325267
Magic: the Gathering - Necropotence (098/249) - Eternal Masters,24-KTYT-LH5X
Magic: the Gathering - Pact of Negation (56) - Modern Masters,2486ea30a863c0a47543f020
Magic: the Gathering - Wild Slash (118/185) - Fate Reforged,24f001aabb35e11acc6419f7
Magic: the Gathering - Coldsteel Heart - Coldsnap - Foil,25-J7MX-JSKL
Omniscience,25-U2D4-BP3D
Magic: the Gathering - Trinisphere - Darksteel,2586a8c76d197fed681bd150
Magic: the Gathering - Reanimate - Tempest,260d188e3325ae45fe03633d
Magic: the Gathering - Glen Elendra Liege - Shadowmoor - Foil,263246fd3ccca07e624fbe32
Magic: The Gathering - Fabled Passage - Throne of Eldraine,27-P2GW-P3PI
Magic: The Gathering - Noble Hierarch - 001/001 - Regional PTQ Promo,28-TJWQ-OBLI
Magic: the Gathering - Summoner's Pact - Future Sight,289767fd6cf2251bac5e0bad
Magic: the Gathering - Stony Silence - Innistrad,2934535be99b4688972b6b51
Magic: the Gathering - Lightning Greaves - Archenemy Singles,2954973a9e62636f413f07bb
Magic: The Gathering - Witch's Vengeance - Foil - Extended Art - Throne of Eldraine,2A-QN0T-I336
Magic the Gathering: Perilous Forays (Foil) - Ravnica,2A-ZMQ5-R74Y
Entreat the Angels - Foil - Modern Masters 2017,2D-CCNT-GM5I
"Magic: The Gathering - Ugin, The Ineffable - War of The Spark",2D-LRFM-KLN1
Magic: the Gathering - Sacred Foundry (245) - Gatecrash,2I-E4ZI-Z6PT
Magic: the Gathering - Patron of the Orochi - Betrayers of Kamigawa,2J-DFBP-34GP
"Magic: The Gathering - Kykar, Wind's Fury - Foil - Prerelease Promo",2J-SB0Q-UY51
Magic: the Gathering - Tendrils of Agony - FNM 2008 - FNM Promos - Foil,2M-7EQU-S26I
Magic: The Gathering - Island - Dimir (A01) - Foil Ravnica Weekend Promo - Unique and Miscellaneous Promo,2M-F7HA-VSBX
Magic: the Gathering - Soul of New Phyrexia (231/269) - Magic 2015 - Foil,2P-8ZY7-MYHL
Magic: The Gathering - Through The Breach - Foil - Ultimate Masters Box Toppers - Mythic Rare,2R-YMKD-47FG
Magic: the Gathering - Ensnaring Bridge - Eighth Edition,2S-77NP-L7YO
Magic: The Gathering - Full Flowering - Commander 2019,2S-7KBJ-WSJ6
Magic: the Gathering - Pyromancer Ascension (143) - Zendikar,2S-GJRP-O3HB
Magic: the Gathering - Cyclonic Rift (35) - Return to Ravnica,2T-U9NQ-4TZ9
Wizards of the Coast Twilight Mire - Masters 25,2V-KVG4-2KAN
Magic: the Gathering - Baleful Strix (196/249) - Eternal Masters,2X-IVM5-BC6M
Karn Liberated - Foil,2d68bd8e9b22cac7998e41b4
Magic: the Gathering - Walker of Secret Ways (27) - Planechase 2012,2db0baf38d1011888a5f3d39
"Magic: the Gathering - Higure, the Still Wind - Betrayers of Kamigawa",2db32b40382a61e6b5711258
Magic: the Gathering - Serendib Efreet - Revised Edition,2e5cb6f31c8ebed0bb55de33
Magic: the Gathering - Necroskitter (086/249) - Modern Masters 2015,2f1a427e1198f7fd5541c04b
Magic: the Gathering - Thundermaw Hellkite (150) - Magic 2013 - Foil,2f49d9a4fbdd27216f5c94b1
Magic: the Gathering - Vampire Nocturnus - Magic 2010,2f6a71e83610494941f1348e
"Magic: the Gathering - Minamo, School at Water's Edge - Champions of Kamigawa",2fbebaa9bcf3e7f532df88f5
Magic: the Gathering - City of Brass (221/229) - Modern Masters,3163afbd8aa681d919ec0c34
Wizards of the Coast Hard Hat Area - Foil - Unstable,32-BFF3-55KK
Magic: the Gathering - Collective Brutality (085/205) - Eldritch Moon,33-YV9Q-P789
Magic: the Gathering - Scion of Oona - Modern Masters,33ff23884396ef5cac7c38be
Magic: The Gathering - Eldrazi Conscription - Foil - Ultimate Masters - Rare,36-1YFE-C8G3
Magic: the Gathering - Vraska the Unseen (42) - Duel Decks: Jace vs Vraska,36-NIAV-6X5Y
Magic: The Gathering - Bloodstained Mire (230/269) - Khans of Tarkir,37-5Y0I-M8QH
Magic: the Gathering - Heritage Druid - Morningtide,37fbf3eb4bc8fc3f5bf542b7
Magic: the Gathering - Dust Bowl - Expedition Lands - Foil,38-LFPB-23XL
Magic: the Gathering - Fauna Shaman - Magic 2011 - Foil,3812b4383c7d10324cc906df
Magic: the Gathering - Bitterblossom - Morningtide,389ee6920766c351d95e6194
"Kess, Dissident Mage - Commander 2017",39-6OL9-K5FJ
Magic: the Gathering - Bastion Protector (001/342) - Commander 2015,399c22f08ec66e8933d0d0dd
"Magic: The Gathering - Volrath, The Shapestealer - Foil - Commander 2019",3A-KXQN-5YUK
Wizards of the Coast Ancestral Vision - Foil - Iconic Masters,3C-YA5G-INMY
Magic: the Gathering - Whir of Invention (049/184) - Aether Revolt,3E-8M3W-MHBB
Magic: the Gathering - Manaweft Sliver - Magic 2014 - Foil,3E-H4LM-1O1T
"Magic: The Gathering - Leovold, Emissary of Trest - Ultimate Masters - Mythic",3F-GPJR-XSSI
Magic: the Gathering - Greater Gargadon - Time Spiral,3I-G04H-AEYZ
Magic: the Gathering - Isochron Scepter (223/249) - Eternal Masters,3J-JNY6-X058
Magic: The Gathering - Thaumatic Compass // Spires Orazca - 249/279 - Treasure Chest Promo - Ixalan,3K-H6SS-DCLD
Magic: the Gathering - Relic Barrier - Legends,3L-5T1U-K0CX
Magic: the Gathering - Selfless Squire (004/351) - Commander 2016,3N-D0F2-MBC5
Magic: The Gathering - Cinder Glade - 235/274 - Standard Series Promo - Battle Zendikar,3N-E020-DCG3
"Magic: the Gathering - Higure, the Still Wind (18) - Planechase 2012",3O-L9UJ-V1MH
Magic: the Gathering - Armory Automaton - Commander 2016,3R-VYX4-UZ09
"Wizards of the Coast Urza, Academy Headmaster - Foil - Unstable",3S-DEEW-ZNAA
"Magic: the Gathering - Jenara, Asura of War - Alara Reborn - Foil",3U-KEDX-IISY
Magic: the Gathering - Mana Reflection - Shadowmoor,3V-UE1W-K1L9
Magic: the Gathering - Thran Golem - Urza's Destiny - Foil,3W-BEQO-F312
Magic: The Gathering - Mountain - Boros (A07) - Foil Ravnica Weekend Promo - Unique and Miscellaneous Promo,3Y-KO1H-SWO3
Magic: the Gathering - Noxious Ghoul - Legions - Foil,3Z-BE2B-PDMK
Magic: the Gathering - Ajani Goldmane - Magic 2010,3a554fe2e1e0e20feeaa93c3
Magic: the Gathering - Vedalken Shackles - Fifth Dawn,3acf961ba8d373ed937b0e82
Magic: the Gathering - Eternal Witness - Modern Masters - Foil,3cec8649bb0c1d638d269a16
Magic: the Gathering - Inkmoth Nexus - Mirrodin Besieged - Foil,3fc0615370de5a808b56b913
"Magic: the Gathering - Kalitas, Traitor of Ghet (086/184) - Oath of the Gatewatch",3ff2b3091db97c68b69053ff
Wizards of the Coast Auriok Champion - Iconic Masters,40-JXXU-64RA
Magic: the Gathering - Teferi's Puzzle Box - Seventh Edition,40dab6fff2c29b5a346e2358
Magic: the Gathering - Mindslaver - Mirrodin - Foil,410f758f83f8dc22059e25e1
Magic: the Gathering - Genesis - Foil DCI Judge Promo - Judge Promos - Foil,4167216e49aa65b645c0b446
Magic: the Gathering - Baleful Strix (82) - Planechase 2012,4183689b975349e2fae150c6
Pyromancer Ascension - Modern Masters 2017,42-AG9T-EU1D
Magic: the Gathering - Quicksilver Elemental - Mirrodin,42-FBW7-B4HJ
Magic: the Gathering - Chandra Nalaar - Japanese Duel Decks: Jace vs Chandra,42-U2Z4-9WM7
Magic: the Gathering - Cryptic Command - Modern Masters,4225f83204a687348d33f08d
Magic: the Gathering - Bearscape - Odyssey,425357561716fe6903eee5ab
Magic: the Gathering - Wirewood Lodge - Duel Decks: Anthology,430fff0b1cae755f62cacb24
Magic: the Gathering - Koskun Falls - Homelands,44-RXV3-7VMM
"Magic: the Gathering - Brago, King Eternal (41/65) - Conspiracy - Foil",440bf338f6d8c989e0e54873
Magic: the Gathering - Noble Hierarch (151/249) - Modern Masters 2015,44de759d90cc48df4efbb6aa
Magic: the Gathering - Ulvenwald Hydra (235/297) - Shadows Over Innistrad - Foil,45-LS46-EFFP
Magic: the Gathering - Birds of Paradise - Unique & Misc. Promos,458300fe9bd010fc34e6d701
Magic: the Gathering - Karakas (240/249) - Eternal Masters,45dc3cfb44d1d1b754dc6397
"Magic: the Gathering - Kiki-Jiki, Mirror Breaker - From the Vault: Legends - Foil",462283af076f7336156a17a1
Magic: the Gathering - Armageddon - Revised Edition,46481e5d298305042c59597f
Magic: the Gathering - Secluded Glen - Lorwyn,4672fcb1b4e1ed6c6e0f6b78
Magic: the Gathering - Well of Lost Dreams - Darksteel - Foil,46e9d258eabd7bca77886697
Pokemon - Korrina (111/111) - XY Furious Fists - Holo,47-1D6K-49T1
Magic: the Gathering - Surgical Extraction - Unique & Misc. Promos,476ea2e475d30c76e75cb8df
Magic: the Gathering - Dralnu's Crusade - Planeshift - Foil,48-ARIQ-OMCS
Magic: the Gathering - Elvish Champion - Seventh Edition,481577f5adc7b3f943028962
"Magic: The Gathering - Tasigur, The Golden Fang - Foil - Ultimate Masters Box Toppers - Mythic Rare",49-15NM-9MAX
Magic: The Gathering - Scroll of Fate - Commander 2019,49-FAYK-3J5Z
Magic: the Gathering - Lord of Atlantis - Seventh Edition,497eb7d086ccdf3b88d1e604
"Magic: The Gathering - Liliana, The Necromancer - Foil - Planeswalker Deck Exclusive - Core Set 2019",4A-5KCX-YR5L
Magic: the Gathering - Storage Matrix - Urza's Destiny,4A-I0NK-L2Z6
Magic: the Gathering - Swan Song (098/351) - Commander 2016,4B-RX87-EEVW
Magic: the Gathering - Gamble - Urza's Saga,4D-5HDH-58OJ
Magic: the Gathering - Armageddon - Portal Second Age,4G-7NDF-7L6X
Brightling - Foil - 025/254 - M - Battlebond,4G-C636-UUY6
Magic: the Gathering - Courser of Kruphix (006/006) - Clash Pack Promos - Foil,4H-Y5TO-CEHH
Wrath of God - Foil - Masterpiece Series: Amonkhet Invocations,4M-VI0V-CS04
Magic: the Gathering - Thief of Sanity (205/259) - Guilds of Ravnica,4P-BN0I-WTWJ
Magic: the Gathering - Flooded Grove (35/45) - Expedition Lands - Foil,4P-U40Z-UE0A
Magic: the Gathering - Skullclamp (271/351) - Commander 2016,4Q-WPGG-V7FQ
Magic: The Gathering - Thought-Knot Seer (009/184) - Oath of The Gatewatch,4U-UPPQ-LKBD
Magic: The Gathering - Ancient Tomb - Ultimate Masters - Rare,4U-W6RG-TTBW
Magic: the Gathering - Academy Ruins - Modern Masters,4V-51MZ-TUN0
"Magic: the Gathering - Isamaru, Hound of Konda - Champions of Kamigawa",4a1bd39776d28a92572e08e3
Magic: the Gathering - Torrential Gearhulk (002/054) - Masterpiece Series: Kaladesh & Aether Revolt Inventions - Foil,4a26252d6c7f36541dffeea4
Magic: the Gathering - Bringer of the Blue Dawn - Fifth Dawn,4a8ca13c4f1596a36a8fff28
Magic: the Gathering - Flamekin Harbinger - Lorwyn,4b6d22b1f4a47ff223345ce8
Magic: the Gathering - Dark Confidant - Modern Masters 2015,4ba0aa8fb761afd8f7f43434
Magic: the Gathering - High Market (9) - From the Vault: Realms - Foil,4c5568c23ba9144addc44068
Magic: the Gathering - Glittering Wish - Future Sight,4d1bf8fd2ffa35b19fea677d
Magic: the Gathering - Killing Wave - Unique & Misc. Promos - Foil,4e959d0014ac47bdac67f41e
Platinum Emperion,4e98f3e5bcdb0b2fdb4009a6
Magic: the Gathering - Captivating Vampire - Magic 2011,4ec4bdb18c7d2ff89cdb6fd4
Returned Reveler,4f0b797191785b7945946e0b
Magic: the Gathering - Oblivion Stone - Mirrodin,4fddbcb307f35ac0d0d4bc68
Magic: the Gathering - Inventor39;s Fair (247/264) - Prerelease & Release Promos - Foil,50-CAJ4-8G9X
Magic: the Gathering - Lord of the Void (71) - Gatecrash,51-WOPD-VJWG
Wurmcoil Engine - Commander Anthology Vol. II,52-V58M-1Y5T
Magic: the Gathering - Liliana Vess (103/269) - Magic 2015,53-5XZW-ZS9J
"Magic: the Gathering - Rashmi, Eternities Crafter (184/264) - Kaladesh - Foil",542c0a4fc23b099427a27ade
Magic: the Gathering - Blackcleave Cliffs - Scars of Mirrodin,54c437140b1f55568b1322a2
"Karn, Scion of Urza - Foil - Dominaria",55-EI8C-3WXI
Magic: the Gathering - General Tazri (019/184) - Prerelease & Release Promos - Foil,55-XVGB-WNT1
Magic: the Gathering - Remand - Ravnica,56-N1IM-F3IO
Magic: the Gathering - Swamp - Full Art Foil - Judge Promos - Foil,57-2CCE-BG7S
"Magic: The Gathering - Sorin, Imperious Bloodlord - Foil - Prerelease Promo",57-FW4A-V849
Wizards of the Coast Flooded Grove - Masters 25,57-QCXC-UHCV
Magic: the Gathering - Mana Vortex - The Dark,5731976eea985e2aa67bf97f
Magic: the Gathering - Stonehewer Giant - Morningtide,5754a272951f0ab1f9425df0
Magic: The Gathering - Silent Clearing - Modern Horizons,58-5JRE-JGUC
Magic: the Gathering - Necroskitter (086/249) - Modern Masters 2015 - Foil,58d43c47eeb1d45fb310ac07
Magic: the Gathering - Path to Exile - Unique & Misc. Promos - Foil,5945705722b1230b5fd55a74
"Magic: The Gathering - Vilis, Broker of Blood - Foil - Promo Pack: Core Set 2020",5C-U0DZ-QQQK
Magic: the Gathering - Custodi Lich (041/221) - Conspiracy 2: Take the Crown - Foil,5D-9BLO-GY54
"Growing Rites of Itlimoc // Itlimoc, Cradle of The Sun - Ixalan",5D-KRQL-P0AJ
"Huatli, Radiant Champion - Foil - Rivals of Ixalan",5E-Q6Y3-H7P0
Magic: The Gathering - Price of Glory - Odyssey,5F-KRWX-YYUK
Magic: the Gathering - Jwari Shapeshifter - Worldwake - Foil,5G-W1QH-LMT6
Magic: The Gathering - Murderous Rider - Foil - Throne of Eldraine,5K-8OEW-HD4I
Magic: the Gathering - Elemental Bond (174/272) - Origins - Foil,5K-AMWQ-AUSG
Magic: The Gathering - Knight of The Ebon Legion - Core Set 2020,5L-072C-DHPR
"Magic: the Gathering - Sunhome, Fortress of the Legion - Ravnica - Foil",5M-U67F-GW8R
Wizards of the Coast Spell Pierce - Foil - Masterpiece Series: Amonkhet Invocations,5N-IO8F-5GSI
Magic Archenemy Assemble The Doomsday Machine,5O-5IYX-JQV8
Wizards of the Coast Swiftfoot Boots - Commander Anthology,5O-5P2Z-5QWM
Wizards of the Coast Vanquisher's Banner - Foil - Ixalan,5O-A7WM-F5TG
Magic: the Gathering - Cryptolith Rite (200/297) - Shadows Over Innistrad - Foil,5O-CXE1-RX8R
"Magic: The Gathering - Yuriko, the Tiger's Shadow - Commander 2018",5Q-IG4K-UV8S
Magic: the Gathering - Ashnod's Altar - Antiquities,5Q-ITHU-0ARN
"Magic: the Gathering - Iona, Shield of Emeria (009/015) - From the Vault: Angels - Foil",5Q-RVFS-Y5NA
Magic: The Gathering - Lochmere Serpent - Foil - Extended Art - Throne of Eldraine,5S-KQS5-IAC0
Wizards of the Coast Austere Command - Foil - Iconic Masters,5V-OI4Q-1FS8
"Jace, the Mind Sculptor - Masters 25",5V-TR61-2SV8
Solemn Simulacrum (218) - Commander Anthology Vol. II,5Z-QJ9X-7YJB
Magic: the Gathering - Nevinyrral's Disk - Revised Edition,5d50f6afe8ade8b2ead94eef
Magic: the Gathering - Nim Deathmantle - Scars of Mirrodin - Foil,5dcabb1e018eb2f23a72099d
Magic: the Gathering - Auriok Champion - Fifth Dawn,5f25926b2b02b84da3875094
Magic: the Gathering - Ensnaring Bridge - Seventh Edition,6092377fde75d54168339796
"Tezzeret, Agent of Bolas",623197b301190fd2c7897eba
"Kenrith, The Returned King Buy-A-Box Promo",63-2WH1-5YZD
Doubling Season - Foil - 195/254 - M - Battlebond,63-N58C-CTQI
Magic: the Gathering - Natural Order - Portal,63257f5c1ac9976a4de840b7
Magic: The Gathering Phyrexian Metamorph,6427aa1bf6c0124f16ee8011
Magic: the Gathering - Back to Basics - Urza's Saga,6509ec0c8b07bec6ce707161
Magic: the Gathering - Inventors39; Fair (247/264) - Kaladesh - Foil,66-9485-N0WO
Magic: the Gathering - Manamorphose - Shadowmoor,66291cff29a210e2cd29e11a
Magic: the Gathering - Cabal Coffers - Torment,67f8117bc4cd5c158381d542
Magic: the Gathering - Swiftfoot Boots - Magic 2012 - Foil,68-0IR3-DJ0K
"Magic: the Gathering - Garruk Relentless // Garruk, the Veil-Cursed - Innistrad - Foil",6904e144a5bc55cb3e13651f
Magic: the Gathering - Mirran Crusader - Mirrodin Besieged - Foil,692df4ef79e7de9f0402ced3
Magic: the Gathering - Arid Mesa (211) - Zendikar,6936419882918db54e68726b
"Magic: the Gathering - Strategy, Schmategy - Unglued",6A-3PCZ-APAL
Well of Lost Dreams - Commander 2017,6F-01RR-WQ8W
Wizards of the Coast Fetid Heath - Foil - Masters 25,6G-VCNF-93WA
Magic: the Gathering - Solemn Simulacrum (271/337) - Commander 2014,6I-51RB-EWGH
Brainstorm - Foil - R - Signature Spellbook: Jace,6I-IH7F-W6LQ
Magic: the Gathering - Undead Warchief - Scourge,6J-917Q-P4M5
Magic: the Gathering - Demonic Tutor - Duel Decks: Anthology,6J-DPSD-M8RE
Magic: the Gathering - Phytohydra - Ravnica,6K-BTFE-D4QF
Magic: The Gathering - Fervent Champion - Throne of Eldraine,6K-Y16B-17T4
Magic: the Gathering - Proteus Staff - Mirrodin - Foil,6L-231M-KXP9
Magic: The Gathering - Worship - Foil - Signature Spellbook: Gideon,6M-ZPO9-W05K
Magic: the Gathering - Maelstrom Wanderer (101/156) - Planechase Anthology,6O-UBE6-9JP7
Magic: the Gathering - Chasm Skulker (085/351) - Commander 2016,6R-8HEY-O565
Magic: The Gathering - Castle Garenbrig - Foil - Extended Art - Throne of Eldraine,6R-PPOB-L6O5
"Magic: The Gathering - Sigarda, Host of Herons - Foil - Ultimate Masters - Mythic",6T-EBDZ-FYNO
Magic: The Gathering - Temporal Manipulation - Foil - Ultimate Masters - Mythic,6V-5Y8K-I1DB
"Magic: the Gathering - Nissa, Vital Force (163/264) - Kaladesh - Foil",6Y-VL6F-W05X
Magic: the Gathering - Greater Good - Judge Promos - Foil,6a497095cb02a9e93a0b358e
Magic: the Gathering - Pernicious Deed (191) - Conspiracy,6c0e5ce555d2d423f209906b
Magic: the Gathering - Champion of the Parish - Innistrad - Foil,6c1f9543b2d6464ff92282c3
"Magic: the Gathering - Ulamog, the Ceaseless Hunger (015/274) - Battle for Zendikar - Foil",6c5a5b6e1a6c0626135d92f2
Wizards of the Coast Containment Priest - Foil - Masterpiece Series: Amonkhet Invocations,70-4NZP-U77L
Magic: the Gathering Selvala39;s Stampede (071/221) - Conspiracy 2: Take the Crown - Foil,70-GIZO-L7NQ
Magic: The Gathering - Lightning Greaves - U - Commander Anthology Vol. II,70-MURB-UDIP
Magic: the Gathering - Isochron Scepter - From the Vault: Relics - Foil,72-D451-9FT7
Magic: the Gathering - Sulfurous Springs - Deckmasters,72-QZUH-6B94
Magic: the Gathering - Grave Titan - Commander 2014,724e3689d493417744eee274
Magic: the Gathering - Path to Exile - Duel Decks: Venser vs Koth,727695a7e2e142600be9396d
Magic: the Gathering - Baleful Strix (177/356) - Commander 2013,72b0ba33330ee703b906db41
Lord of Atlantis,73def550a668e4d1de463cac
Magic: the Gathering - Toshiro Umezawa - Betrayers of Kamigawa,754d6cd5ce7a27639d2ebcfd
Magic: the Gathering - Vindicate - Foil DCI Judge Promo (2013) - Judge Promos - Foil,7655eaf6c7a16c6b6036ecd9
Magic: the Gathering - Lord of Extinction - Alara Reborn - Foil,7661e383c4080881d08977cd
Magic: the Gathering - Root Maze - Tempest,7989faef8ed38bc220406426
Kindred Discovery - Commander 2017,7B-HKD8-PAHA
Magic: the Gathering - Kobold Drill Sergeant - Legends,7B-QA9C-SJOZ
Mind's Eye - Foil - 240/254 - R - Battlebond,7B-X9W9-SAHS
Magic: the Gathering - Fobidden Orchard - Expedition Lands - Foil,7D-BASB-V6Y7
Magic: The Gathering - Sarkhan Unbroken (230/264) - Dragons of Tarkir,7E-4ZZC-76BO
Magic: the Gathering - Path to Exile (007/012) - FNM Promos - Foil,7F-61IQ-0ZX5
Magic: The Gathering - Dreadhorde Arcanist - War of The Spark,7H-R46U-IKPS
Magic: the Gathering - Crackdown - Mercadian Masques,7I-JCQS-EMGY
Magic: the Gathering - Toxic Deluge (96/356) - Commander 2013,7I-PYED-DQDT
Mu Yanling - Foil,7K-DLN3-AQUD
Magic: the Gathering - Dream Chisel - Onslaught,7K-DU76-MXCU
Magic: the Gathering - Vampire Nocturnus - Unique & Misc. Promos,7K-KC7J-PAC9
Magic: the Gathering - Stunt Double (038/221) - Conspiracy 2: Take the Crown - Foil,7K-L1X2-R8EI
Magic: The Gathering - Sundering Stroke - Foil - Extended Art - Throne of Eldraine,7L-LF5G-NZ5F
Magus of the Moon - Iconic Masters,7P-HC0S-SVHF
"Magic: The Gathering - Brimaz, King of Oreskos (5/165) - Born of the Gods",7Q-8N77-TAI3
"Magic: the Gathering - Erebos, God of the Dead (85/249) - Theros",7Q-HPVI-C9YB
"Magic: The Gathering - Ayula, Queen Among Bears - Foil - Modern Horizons",7Q-HUWS-59MS
Magic: The Gathering - Nurturing Peatland - Modern Horizons,7S-GHR6-KVCJ
Magic: the Gathering - Galerider Sliver (57/249) - Magic 2014,7T-T93M-VD1Z
Magic: the Gathering - Commandeer - Coldsnap,7V-AJX2-IJMK
Magic: the Gathering - Ob Nixilis Reignited (119/274) - Battle for Zendikar - Foil,7V-ASQR-9D8H
Magic: the Gathering - Bane of Progress (137/356) - Commander 2013,7W-C3PA-B33C
Magic: the Gathering - Sigil Tracer - Morningtide - Foil,7X-OCB1-TNMF
"Kokusho, the Evening Star - Foil - Iconic Masters",7X-ZZAX-OA1J
Magic: The Gathering - Doom Foretold - Foil - Throne of Eldraine,7Y-SZ0V-ARFQ
Magic: the Gathering - Dosan the Falling Leaf - Champions of Kamigawa,7Z-02IJ-TKNL
Magic: the Gathering - Ancient Tomb (1) - From the Vault: Realms - Foil,7c919bc06ffbfc66074ed788
Magic: the Gathering - Fist of Suns - Fifth Dawn,7cd40f797418f2ee9476bd1e
Magic: the Gathering - Seedborn Muse - Ninth Edition,7de4afbdfb507b7d02bc646d
Magic: the Gathering - Blood Crypt (238) - Return to Ravnica,7eb14d73ab9be504c1aad755
Magic: the Gathering - Life from the Loam - Modern Masters,806923970403bb486f3d860d
Magic: the Gathering - Sword of Feast and Famine - Modern Event Deck Singles,818df196e4e048c79eaa4cbc
"Magic: the Gathering - Emrakul, the Aeons Torn (003/249) - Modern Masters 2015",818f4c79800ccd4142f1f71a
Magic: The Gathering - Primordial Mist - Commander 2018,82-5ZC3-D00N
Magic: The Gathering - Treasure Map // Treasure Cove - 250/279 - Treasure Chest Promo - Ixalan,82-7C7K-0FN6
"Pir, Imaginative Rascal - Foil - 011/254 - R - Battlebond",82-XBB5-SSS8
Magic: the Gathering - Winter Orb - Fifth Edition,83-LCOU-IAB7
Magic: the Gathering - Meddling Mage - Alara Reborn,8340847fdae982bf9ad68d7d
Magic: the Gathering - Karmic Justice (072/342) - Commander 2015,86-7DPB-B9OX
Magic: the Gathering - Fact or Fiction (048/249) - Eternal Masters - Foil,86-ZOF3-X4K5
Magic: the Gathering - Myojin of Night's Reach - Champions of Kamigawa,869320d12c0e80f354cae22c
Magic: the Gathering - Stifle - Scourge,869711aa47309125aa54ee92
Magic: the Gathering - Reflecting Pool - Shadowmoor,86d2cbdc33d9bc09e78f88a9
Magic: The Gathering - River Kelpie - Commander 2019,87-4C7F-L5LG
Magic: the Gathering - Scavenging Ooze - Magic 2014 - Foil,87-BDT7-W0VL
Magic: the Gathering - Deglamer - Morningtide - Foil,87-V6PC-GN8C
"Magic: the Gathering - Nykthos, Shrine to Nyx (223/249) - Theros",874d00162850d31ecaa345cd
Magic: the Gathering - Sol Ring - Revised Edition,880494536f62db40a90dfdb0
Magic: the Gathering - Chromatic Lantern (233/259) - Guilds of Ravnica - Foil,89-GPAP-8TFD
Adaptive Automaton,89-LM3S-6YSI
Magic the Gathering Black Vise - Foil - Masterpiece Series,89-SY8P-0TR8
Magic: the Gathering - Signal Pest - Unique & Misc. Promos - Foil,896d2255fff992e6a8dcf64e
"Magic: the Gathering - Ob Nixilis, Unshackled (110/269) - Magic 2015 - Foil",897464ab5b00a767ef456b01
"Magic: The Gathering - Teysa, Orzhov Scion - Ravnica Allegiance Guild Kits",8C-MCKW-NIP2
Sol Ring - Commander 2017,8C-PPXP-DRCA
Magic: The Gathering - Vexing Devil - Foil - Ultimate Masters - Rare,8D-GO8S-ZK4F
Magic: the Gathering - Homeward Path (299/356) - Commander 2013,8F-04E7-8S8Z
Magic: the Gathering - Death Baron - Convention 2018 - Foil,8F-0DEQ-M48X
"Nissa, Who Shakes the World - 169/264 - Rare",8F-H9AC-CN6G
Magic: The Gathering - Forest - Golgari (A06) - Foil Ravnica Weekend Promo - Unique and Miscellaneous Promo,8G-143B-IPW5
Magic: the Gathering - Temple of Malice - Born of the Gods - Foil,8G-S0D4-X5LL
Magic: The Gathering - Jaya Ballard - Ravnica Allegiance - Mythic Edition,8I-55AR-WSAD
Wizards of the Coast Maelstrom Pulse - Foil - Masterpiece Series: Amonkhet Invocations,8I-D6JT-MO0S
Magic: The Gathering - Karakas - Ultimate Masters - Mythic,8J-ZSA8-7KZP
Goblin Guide - Modern Masters 2017,8N-Q2NS-PYL9
Magic: the Gathering - Solem Simulacrum (273/351) - Commander 2016,8P-ERJL-GNRY
Magic: the Gathering - Horned Sliver - Tempest,8P-W6C0-ZJY4
Hero of Bladehold,8Q-KARR-HA1W
Magic: The Gathering - Glimpse The Unthinkable - Guilds of Ravnica: Guild Kits,8S-R7P9-4IJ0
Magic: the Gathering - Mistbind Clique - Lorwyn,8S-TA9X-NU0X
Magic: The Gathering - Harmonious Archon - Extended Art - Throne of Eldraine,8X-HQUB-2JDK
Stony SIlence - Modern Masters 2017,8Y-CMBD-V9RY
Magic: the Gathering - Argothian Enchantress (158/249) - Eternal Masters,8d0e9906db1dc3d32bc26f98
Magic: the Gathering - Mindmoil - Ravnica,8f496d721bcdc5925fbd42fc
Magic: the Gathering - Oblivion Sower (041/080) - Duel Decks: Zendikar vs Eldrazi - Foil,91-J0CK-0I3T
Magic: the Gathering - Endless Ranks of the Dead - Innistrad,91c5f82fae5ab0c963d2f676
"Magic: the Gathering - Elspeth, Knight Errant - Modern Masters",928e4fba8eed1078549aa372
Magic: the Gathering - Baneslayer Angel - Magic 2011,94-BTMX-BPVA
Magic: the Gathering - Lightning Greaves - FNM 2009 - FNM Promos - Foil,94bcf92103b586eef4ba86a0
Magic: the Gathering - Ward of Bones - Eventide,96-H1SZ-UH3W
Thragtusk -,97-1ZT2-C3X4
"Magic: the Gathering - Tibalt, the Fiend-Blooded (161) - Avacyn Restored",99-14PH-BFUU
Magic: the Gathering - Lightning Angel - Timeshifted - Foil,9D-2QR4-RRSP
Torment of Hailfire - Hour of Devastation,9E-GXEC-FDKS
Magic: the Gathering - Flameshadow Conjuring (147/272) - Origins - Foil,9E-HW1P-IUTM
"Magic: the Gathering - Teferi, Mage of Zhalfir - Time Spiral - Foil",9G-1S5X-ASOT
"Magic: the Gathering - Garruk, Apex Predator (210/269) - Unique & Misc. Promos - Foil",9H-3CN7-GU7C
Basilisk Collar - Foil - Modern Masters 2017,9H-9BWB-EBQC
Magic: the Gathering - Mana Matrix - Legends,9I-T5SD-XP4J
Magic: the Gathering - City of Solitude - Visions,9J-DAZ0-BMYA
"Krav, the Unredeemed - Foil - 004/254 - R - Battlebond",9M-15L2-U92F
Sol Ring - Commander Anthology Vol. II,9M-S2PY-TFWL
"Magic: the Gathering - Elspeth, Knight-Errant - Modern Event Deck Singles",9U-1UU4-3LMV
Magic: the Gathering - Garruk Wildspeaker - Unique & Misc. Promos - Foil,9U-OF5K-W2UZ
Magic: the Gathering - Reanimate - Battle Royale,9V-LZJC-O2SB
Magic: The Gathering - The Great Henge - Foil - Throne of Eldraine,9W-KCGQ-X8T7
Mox Amber - Dominaria,9X-GI0X-RNDB
Magic: the Gathering - Pendelhaven - Legends,9Z-0THB-9E0O
Magic: the Gathering - Koth of the Hammer - Duel Decks: Venser vs Koth - Foil,9Z-E9CZ-VFKQ
Magic: the Gathering - Liliana Vess - Unique & Misc. Promos - Foil,9d0ad7c67f6883ca76528fc3
Magic: the Gathering - Spitting Image - Eventide - Foil,9def0d45338fda487ed0c3d9
Magic: the Gathering - Mirran Crusader - Unique & Misc. Promos,9e0bc470632403fcbb461cd0
Magic: the Gathering - Birds of Paradise - Magic 2012,9f768a56486e38846ab72d2e
Magic: the Gathering - Rite of Replication (61) - Zendikar,A2-QUIG-6XJ2
"Magic: The Gathering - Saheeli, Sublime Artificer - Foil - War of The Spark",A6-GWKY-AGM3
Summon the Pack - Foil - Unstable,A6-YQHX-YCVM
Magic: the Gathering - Ajani Goldmane - Magic 2011,A9-W211-RWFC
Magic: The Gathering - Embercleave - Extended Art - Throne of Eldraine,A9-Y9AO-9OIT
Magic: the Gathering - Rugged Prairie - Expedition Lands - Foil,AA-HG6Y-WMNH
Magic: the Gathering - Vindicate (210/249) - Eternal Masters - Foil,AA-TSML-KXR1
"Linvala, Keeper of Silence - Modern Masters 2017",AB-QBKG-PUJD
Magic: the Gathering - Grave Titan - Magic 2012,AD-JZ5L-VJEE
Magic: the Gathering - Torrential Gearhulk (067/264) - Kaladesh,AF-4Q3N-8NOG
Magic: the Gathering - Braingeyser - Revised Edition,AG-86JV-UDMD
Magic: the Gathering - Open the Armory (032/297) - Shadows Over Innistrad - Foil,AG-APQK-YTBW
Magic: the Gathering - Cunning Wish - Judgment,AH-LR2E-PX06
Eidolon of the Great Revel - Masters 25,AJ-7JAC-WIJ1
"Magic: the Gathering - RAL, Izzet Viceroy (195/259) - Guilds of Ravnica - Foil",AJ-ONTR-ABRE
Magic: the Gathering - Mental Misstep - New Phyrexia - Foil,AP-617Z-3VUV
Magic: the Gathering - Managorger Hydra (186/272) - Origins,AR-G1IM-84RR
Magic: the Gathering - Rishkar39;s Expertise (123/184) - Aether Revolt - Foil,AR-IUU5-3VX0
Magic: The Gathering - Back to Basics - Foil - Ultimate Masters - Rare,AS-LPBG-ETEI
Wizards of the Coast Aven Mindcensor - Foil - Masterpiece Series: Amonkhet Invocations,AU-7IPI-31LB
Magic: the Gathering - Inventors39; Fair (247/264) - Kaladesh,AV-KVNA-OPUH
Death's Shadow - Modern Masters 2017,AY-J9Z5-I6NK
"Magic: The Gathering - Syr Gwyn, Hero of Ashvale - Collector Pack Exclusive - Throne of Eldraine",AY-KQU4-AOAX
Disrupt Decorum - Commander 2017,B0-X7U6-YKWF
Magic: the Gathering - Mindslicer - Ninth Edition,B2-VAMC-B20X
"Magic: The Gathering - Kaya, Orzhov Usurper - Foil - Ravnica Allegiance",B3-VCQC-ZJPF
Magic: the Gathering - Berserk (175/221) - Conspiracy 2: Take the Crown - Foil,B4-SH0S-UY64
Magic: the Gathering - Riptide Laboratory - Onslaught - Foil,B9-3J7W-U6N8
Magic: the Gathering - Goblin Spymaster (019/351) - Commander 2016,BA-RFNR-2BDF
Magic: the Gathering - Urborg - Legends,BD-IGA0-P7IP
Magic: the Gathering - Altar of Dementia - Tempest,BD-R48K-AIZV
Magic: the Gathering - Second Chance - Urza's Legacy,BE-2XK2-RJ1V
Wizards of the Coast As Foretold - Amonkhet,BE-F486-GNI9
Magic: the Gathering - Cataclysmic Gearhulk (001/054) - Masterpiece Series: Kaladesh & Aether Revolt Inventions - Foil,BF-KIT2-F5LP
Magic: The Gathering - Brazen Borrower - Throne of Eldraine,BH-W21E-3VKR
Magic: The Gathering - Lotus Field - Core Set 2020,BH-XQ97-V79F
Magic: the Gathering - Spirebluff Canal (249/264) - Kaladesh,BI-E964-KPX8
Magic: the Gathering - Fury of the Horde - Coldsnap,BI-WEH5-HSCR
Wizards of the Coast Grim Lavamancer - Archenemy: Nicol Bolas,BM-MSSU-G3I5
Magic: the Gathering - Baneslayer Angel - Magic 2010,BO-MFBI-6FCS
Magic: the Gathering - Unmask (015/016) - From The Vault: Lore - Foil,BP-SNQI-F4GM
Magic: the Gathering - Sol Ring - Commander by Magic: the Gathering,BP-Z0RS-H7O0
Magic: the Gathering - Celestial Kirin - Saviors of Kamigawa,BQ-G3KT-J3YG
"Magic: the Gathering - Leovold, Emissary of Trest (077/221) - Conspiracy 2: Take the Crown - Foil",BQ-ZEPZ-I3W7
"Magic: the Gathering - Kiki-Jiki, Mirror Breaker - Champions of Kamigawa",BT-4SQM-45KI
Magic: the Gathering - Rest in Peace (18) - Return to Ravnica,BU-H9ZR-AG36
Magic: The Gathering - Kitchen Finks - Foil - Ultimate Masters Box Toppers - Mythic Rare,BV-0ZZ6-JY6C
Beast Within - Foil - 190/254 - U - Battlebond,BW-0WIH-OGXM
Magic: the Gathering - Glorious Anthem (17/383) - Tenth Edition - Foil,BX-DHRM-FCB5
Magic: the Gathering - Blooming Marsh (243/264) - Kaladesh,BY-OR0N-XZJZ
Magic: the Gathering - Wave of Reckoning - Mercadian Masques,BZ-95S0-179Y
"Magic: The Gathering - Karn, The Great Creator - Foil - Prerelease Promo",C0-D0Z3-PBXA
Knight of the Reliquary - Foil - Iconic Masters,C0-P0GH-XKM1
Magic: the Gathering - Sun Forger (275/351) - Commander 2016,C1-CVVY-DBPR
Magic: the Gathering Jester39;s Cap - Fifth Edition,C2-AB77-L4J8
Magic: The Gathering - Birds of Paradise - Ravnica Allegiance Guild Kits,C2-ICZW-4ZJT
Magic: The Gathering - Bitterblossom - Ultimate Masters - Mythic,C2-OR7Y-7EX3
"Magic: The Gathering - Kozilek, The Great Distortion (004/184) - Oath of The Gatewatch",C3-YVFY-IPDK
Magic: the Gathering - Helm of Kaldra - Fifth Dawn,C3-ZO6U-RKIJ
Magic: the Gathering - Propaganda - Commander by Magic: the Gathering,C6-VCOV-M2CY
Magic: the Gathering - Rampant Growth - Textless Player Rewards - Player Rewards Promos,C9-3BSL-QS85
Magic: the Gathering - Gisa and Geralf (183/205) - Prerelease & Release Promos - Foil,C9-W9M6-GOX6
Magic: the Gathering - Isochron Scepter - Mirrodin - Foil,CA-GXU3-DT3A
Magic: the Gathering - Flooded Strand (233/269) - Khans of Tarkir,CG-VOVQ-CZFL
Magic: The Gathering - Divine Visitation - Guilds of Ravnica - Mythic,CM-4QXB-FSYU
Magic: the Gathering - Gaddock Teeg - Lorwyn,CM-GFUZ-1TL7
Magic: The Gathering - The First Sliver - Modern Horizons,CN-4JQV-095I
Magic: the Gathering - Alhammarret's Archive (221/272) - Origins - Foil by Magic: the Gathering,CO-GM6W-KULF
Magic: The Gathering - Rotting Regisaur - Core Set 2020,CS-FLSD-MY2J
Magic: The Gathering - Realm-Cloaked Giant - Throne of Eldraine,CU-932O-QLME
Magic: The Gathering - Knight of The Ebon Legion - Foil - Core Set 2020,CV-5BM6-P3RE
Magic: the Gathering - Gilt-Leaf Palace - Lorwyn,CV-7UPG-KGPL
Magic: the Gathering - Lord of the Void (71) - Gatecrash - Foil,CX-DWXM-Y4HF
"Magic: the Gathering - Garruk, Apex Predator (210/269) - Magic 2015 - Foil",D1-10A0-C9L9
Magic: The Gathering - Vizier of The Menagerie - Foil - Prerelease Promo,D1-QVZH-SX43
Magic: the Gathering - Chalice of the Void - Mirrodin,D2-9I6N-A6D6
Magic: The Gathering - Woodfall Primus - Foil - Ultimate Masters - Rare,D4-MH0T-QWKX
Wizards of the Coast Solemn Simulacrum - Duel Decks: Elves vs. Inventors,D9-I121-MF48
Magic: The Gathering - Stormfist Crusader - Foil - Extended Art - Throne of Eldraine,D9-ZHGO-HP9U
Magic: The Gathering - Force of Virtue - Foil - Modern Horizons,DD-4HGS-3P61
Mirage Mirror - Foil - Hour of Devastation,DE-L937-ARK0
Magic: the Gathering - Panharmonicon (226/264) - Prerelease & Release Promos - Foil,DE-SJOO-L5XZ
Pokemon - Professor Sycamore (114/114) - XY Steam Siege,DH-HONJ-2NBX
Magic: the Gathering - Celestial Colonnade - Worldwake,DI-97BK-7M9C
Magic: the Gathering - Energy Field - Urza's Saga,DI-WP79-C9GI
"Magic: the Gathering - Kokusho, the Evening Star - Champions of Kamigawa",DJ-GB3F-5HWZ
Magic: the Gathering - Grand Abolisher - Magic 2012,DJ-PFV4-4JKX
Magic: the Gathering - Inexorable Tide (049/249) - Modern Masters 2015 - Foil,DL-775G-L76Z
Grove of the Burnwillows - Iconic Masters,DL-GADQ-HOXP
"Prossh, Skyraider of Kher - Foil - Masters 25",DM-HWJD-MMUN
Magic: the Gathering - Ajani Vengeant - Shards of Alara - Foil,DO-0TDA-BX0O
Magic: The Gathering - Privileged Position - Guilds of Ravnica: Guild Kits,DP-6TBK-M688
"Magic: The Gathering - Feather, The Redeemed - Foil - War of The Spark",DQ-48MF-DJU6
Magic: the Gathering - Wurmcoil Engine (283/337) - Commander 2014,DT-C3WZ-IT6Z
"Magic: The Gathering - Jace, Unraveler Secrets - 069/297 - SDCC 2017 Exclusive - Shadows Over Innistrad",DV-V3V8-JI2R
Magic: the Gathering - Ghostly Prison (066/351) - Commander 2016,DW-P108-XBN0
Magic: the Gathering - Thunder Dragon - From the Vault: Dragons - Foil,DW-Q3R2-980H
"Zndrsplt, Eye of Wisdom - Foil - Release Promo - Battlebond",DX-9TBC-LKMR
Magic: The Gathering - Hushbringer - Foil - Extended Art - Throne of Eldraine,DX-KM34-ZX9E
"Magic: the Gathering - Tamiyo, Field Researcher (190/205) - Eldritch Moon - Foil",DY-26M2-4YOG
Magic: the Gathering - Insurrection - Onslaught,DY-TYA3-UZON
Magic: the Gathering - Dark Depths - Coldsnap,DZ-1NLS-BSVK
Magic: The Gathering - Lord of Extinction - Foil - Ultimate Masters - Mythic,DZ-GDTA-Z5PQ
Magic: the Gathering - Anger of the Gods (112/249) - Theros,E0-9BGN-5HUJ
Magic: the Gathering - Primeval Titan - Magic 2011 - Foil,E8-VSWC-E27B
Magic: the Gathering - Sun Forger (275/351) - Commander 2016,E9-AL0L-LY8G
Magic: the Gathering - Crawlspace - Urza's Legacy,E9-BFCM-P0R5
Magic: the Gathering - Personal Tutor - Portal,E9-FPIP-OD9B
Spellseeker - Foil - 041/254 - R - Battlebond,E9-UGEW-IZGY
Magic: the Gathering - Font of Mythos - Conflux,EA-Q5P1-SPRK
"Magic: the Gathering - Muzzio, Visionary Architect (23/210) - Conspiracy - Foil",EA-ROXV-NBTP
Magic: the Gathering - Fact or Fiction - Conspiracy - Foil,EB-V4EF-JRB9
Field of Ruin - Ixalan,EC-9CCQ-ERU7
Wizards of the Coast Fetid Heath - Masters 25,EG-61P7-R2GX
"Magic: The Gathering - Search for Azcanta // Azcanta, The Sunken Ruin - Foil - Prerelease Promo",EH-DGRU-W73G
Magic: The Gathering - Murderous Rider - Showcase - Throne of Eldraine,EI-BGIP-FZTI
Magic: the Gathering - Chromatic Lantern (247/351) - Commander 2016,EM-GM1N-T21O
Through the Breach - Foil - Masterpiece Series: Amonkhet & Hour of Devastation Invocations,EN-8M6P-2678
Fell the Mighty - Commander 2017,EN-RRN0-QBAO
Magic: the Gathering - Eater of the Dead - The Dark,EO-CD80-QM53
"Razaketh, the Foulblooded - Foil - Hour of Devastation",EP-982S-GOP3
"Magic: The Gathering - Growing Rites Itlimoc // Itlimoc, Cradle The Sun - 191/279 - Treasure Chest Promo - Ixalan",ER-LB0J-TDAS
Magic: the Gathering - Hive Mind - Magic 2010,ES-LD4K-3YE8
Magic: the Gathering - Pact of Negation - Future Sight,ET-E6TV-BERG
"Magic: the Gathering - Nicol Bolas, Planeswalker (199) - Magic 2013 - Foil",ET-L1AZ-W3PF
Magic: the Gathering - Pernicious Deed - Foil DCI Judge Promo - Judge Promos - Foil,ET-PVMB-E6WY
Magic: the Gathering - Eye of Ugin (242/249) - Modern Masters 2015,ET-V27S-F0UD
MTG Magic Eldritch Moon Intro Pack,EV-C00D-RQNM
Swiftfoot Boots - Commander Anthology Vol. II,EX-KE9Q-OGIB
Magic: the Gathering - Sower of Temptation - Lorwyn - Foil,EX-NQWR-6WHD
Magic: the Gathering - Horn of Greed (211/221) - Conspiracy 2: Take the Crown - Foil,EY-XM3R-V3WB
Wizards of the Coast Baleful Strix - Archenemy: Nicol Bolas,EZ-LLMD-J6VP
Magic: The Gathering - Nimble Obstructionist - Foil - Prerelease Promo,F0-UGK3-EI9J
Wizards of the Coast Thousand-Year Elixir - Commander Anthology,F2-L38V-B9VX
Magic: the Gathering - Replenish - Urza's Destiny,F3-E5E1-FH10
Wizards of the Coast Eternal Witness - Commander Anthology,F8-W1QO-ZSN1
Wizards of the Coast Anointed Procession - Amonkhet,F9-682T-VO3R
Magic: the Gathering - Birthing Pod - New Phyrexia - Foil,F9-BB5L-I4XD
Magic: the Gathering Black Sun39;s Zenith - Unique & Misc. Promos,F9-QSBY-3AIV
"Magic: The Gathering - Palladia-Mors, the Ruiner - Foil - Prerelease Promos",FC-QEV3-R2VR
Magic: the Gathering - Koth of the Hammer - Scars of Mirrodin,FC-QLLM-ZWA5
Magic: the Gathering - Kaalia of the Vast - Commander's Arsenal - Foil,FG-79TW-FRQB
Magic: The Gathering - Platinum Emperion - Foil - Ultimate Masters - Mythic,FG-OF6C-OBB3
"Magic: The Gathering - Leovold, Emissary of Trest - Foil - Ultimate Masters - Mythic",FG-SBUY-01BL
Magic: the Gathering - Coalition Relic - Duel Decks: Phyrexia vs The Coalition,FJ-9PS8-EVVS
Magic: The Gathering - Embercleave - Throne of Eldraine,FK-D36B-D9K1
Bane of Progress - Commander Anthology,FK-Z6S1-KFFH
"Magic: the Gathering - Ink-Eyes, Servant of Oni - Betrayers of Kamigawa",FM-RGPG-QIDS
Magic: the Gathering - Quicksilver Amulet - Urza's Legacy,FN-85SL-CAL9
Magic: the Gathering - Blinkmoth Nexus - Modern Masters,FP-GLUC-3P72
Magic: the Gathering - Trinket Mage - Scars of Mirrodin - Foil,FP-O29E-WNCH
Magic: The Gathering - Polyraptor - Foil - Prerelease Promo,FR-3SM4-P6LF
Wizards of the Coast Blood Moon - Masters 25,FT-XKRO-CMHN
Magic: the Gathering - Gideon Jura - Magic 2012 - Foil,FU-T2QA-WVHQ
Magic: the Gathering - Silent Arbiter - Fifth Dawn,FW-ABVS-MOTF
Magic: the Gathering - Shrine of Burning Rage - Unique & Misc. Promos - Foil,FW-SAUO-UGV2
Magic: the Gathering - Master of the Wild Hunt - Magic 2010,FX-988O-2O2P
Magic: the Gathering - Knollspine Dragon - Shadowmoor,FY-NAI9-MK7Y
"Jace, Vryn's Prodigy // Jace, Telepath Unbound - Foil - From the Vault: Transform",G4-SE4M-OC22
Magic: the Gathering - Gemstone Caverns - Time Spiral,G5-7XGL-R38T
"Magic: the Gathering - Sygg, River Cutthroat - Shadowmoor - Foil",G6-H8C6-6GL4
Magic: the Gathering - Planar Chaos - Judgment - Foil,G7-WB2S-F4NV
"Magic: the Gathering - Jace, Memory Adept (56) - Magic 2013",G8-GITV-3O60
"Magic: the Gathering - Kalitas, Bloodchief of Ghet (99) - Zendikar - Foil",GD-HHE5-J8CQ
Magic: the Gathering - Massacre Wurm - Mirrodin Besieged,GE-0I5Z-CL95
Magic: The Gathering - Lavaclaw Reaches - Foil - Ultimate Masters Box Toppers - Mythic Rare,GH-LBK5-Q37P
"Magic: the Gathering - Garruk, Caller of Beasts (172/249) - Magic 2014",GI-IAD2-HD4M
The Eldest Reborn - Foil - Dominaria,GI-SV7J-V3XE
Magic: The Gathering - Island - Izzet (A03) - Foil Ravnica Weekend Promo - Unique and Miscellaneous Promo,GL-5WMA-8OSA
"Magic: the Gathering - Elesh Norn, Grand Cenobite - Judge Promos - Foil",GL-EZ8S-32YB
"Magic: The Gathering - Legion's Landing // Adanto, The First Fort - 22/279 - Treasure Chest Promo - Ixalan",GN-PBU6-EAO3
Magic: the Gathering - Walk the Aeons - Time Spiral,GN-SVH1-DWBO
"Kokusho, the Evening Star - Iconic Masters",GO-7BED-NEQ1
Magic: the Gathering - Goblin Lore - Starter 1999,GS-FPSF-G76T
"Magic: the Gathering - Sidisi, Undead Vizier (120/264) - Dragons of Tarkir - Foil",GU-1KL9-GYBT
Magic the Gathering M14 JAPANESE Booster Box unopened,GWW-AL2-45Q
Skullclamp - Commander,GX-JU7H-FZNM
Magic: the Gathering - Avenger of Zendikar (001/080) - Duel Decks: Zendikar vs Eldrazi - Foil,GX-WXA3-4I1E
Magic: The Gathering - Mountain - Izzet (A04) - Foil Ravnica Weekend Promo - Unique and Miscellaneous Promo,GZ-5YAX-L8TE
"Atraxa, Praetors' Voice - Foil - Commander Anthology Vol. II",H1-B28I-NSCV
Sower of Temptation - Foil - 131/254 - R - Battlebond,H2-ALD6-VRIB
Magic: the Gathering - Exploration (164/210) - Conspiracy - Foil,H2-URPM-4CWF
Magic: the Gathering - Solem Simulacrum (273/351) - Commander 2016,H3-A18F-P8QW
Magic: the Gathering - Paradox Engine (169/184) - Aether Revolt - Foil,H4-Y3UR-09QS
Foil Spark Double War of The Spark #068 Magic: the Gathering,H6-3YW9-WB1R
Magic: the Gathering - Heritage Druid (171/249) - Eternal Masters,H6-8HXW-00W6
Magic: the Gathering - Combustible Gearhulk (112/264) - Kaladesh - Foil,H6-AWBX-5KUS
"Nicol Bolas, God-Pharaoh - Foil - Hour of Devastation",H7-G07G-DYF9
Magic: the Gathering - Dismember - FNM Promos - Foil,H7-Y2VN-KUYF
"Ghalta, Primal Hunger - Foil - Rivals of Ixalan",H8-MOIK-PV8P
Magic: the Gathering - Merrow Commerce - Lorwyn - Foil,H9-9LG2-09YR
Magic: the Gathering - Two-Headed Dragon - From the Vault: Dragons - Foil,HC-GA2F-U0F2
Magic: the Gathering - Karakas (240/249) - Eternal Masters - Foil,HF-4M3A-SWA4
"Magic: The Gathering - Liliana, Dreadhorde General - War of The Spark",HF-X1JZ-RKKT
"Magic: the Gathering - Garruk Relentless // Garruk, the Veil-Cursed - Innistrad",HI-S6O1-BMGQ
"Magic: The Gathering - Sarkhan, Dragonsoul - Foil - Planeswalker Deck Exclusive - Core Set 2019",HJ-854A-57IW
Magic: the Gathering - Coffin Queen - Tempest,HJ-MO7Z-J70D
Wizards of the Coast Vendilion Clique - Masters 25,HJ-RG2S-UHOS
Wayward Swordtooth - Foil - Rivals of Ixalan,HK-FUIC-V5JW
"Magic: the Gathering - Kozilek, the Great Distortion (004/184) - Oath of the Gatewatch - Foil",HK-SETA-5LKG
Llanowar Elves - Foil - Open House Promo,HL-0GHZ-UUIK
Magic: the Gathering - Bitterblossom (071/249) - Modern Masters 2015 - Foil,HL-JZHG-IY0G
Magic: the Gathering - Master Transmuter - Conflux,HL-X09P-LTB0
Magic: the Gathering - Toxic Deluge (108/249) - Eternal Masters,HQ-1TBT-BUMA
"Neheb, the Eternal - Hour of Devastation",HU-NT3I-BJZH
"Magic: the Gathering - Emeria, the Sky Ruin - Commander 2014",HX-HKFL-743Q
Caged Sun - Commander Anthology Vol. II,HX-WLU0-2JZP
Wizards of the Coast Vindicate - Foil - Masters 25,HY-RSW4-DX81
"Regna, the Redeemer - Foil - 003/254 - R - Battlebond",HZ-XW0Z-WXJB
Archon of Valor's Reach - Foil - 074/254 - R - Battlebond,I0-PTOK-A5LQ
Magic: The Gathering - Breeding Pool (240) - Gatecrash,I1-KX20-HSEU
Magic: The Gathering - Crucible of Worlds - Foil - Prerelease Promos,I3-70ZK-DEBK
Magic: the Gathering - Marit Lage token - Prerelease & Release Promos - Foil,I3-RCJI-TJ6D
Azorius Signet - Foil - Modern Masters 2017,I6-8238-SJGU
Magic: the Gathering - Unmask - Mercadian Masques,I7-1KJP-UPX8
Magic: the Gathering - Painful Quandary - Scars of Mirrodin,I8-T5EE-027L
Magic: the Gathering - Winds of Change - Portal,I9-I54E-BSHR
Wizards of the Coast Lifeblood Hydra - Commander Anthology,IB-SWL0-7W2I
Magic: the Gathering - Empyrial Armor - Arena 2001 - Arena Promos,IC-6K8H-RGF1
Magic: The Gathering - Gaddock Teeg - Foil - Ultimate Masters Box Toppers - Mythic Rare,IE-18NL-N2DS
Magic: the Gathering - Glen Elendra Archmage - Eventide,IE-M39T-B3K2
"Magic: The Gathering - Emry, Lurker of The Loch - Foil - Throne of Eldraine",IF-MCJD-3XPU
"Magic: The Gathering - Kaalia, Zenith Seeker - Foil - Prerelease Promo",II-EURP-KSJZ
Magic: the Gathering - Grim Monolith - Urza's Legacy,II-NJWK-TTYC
Magic: The Gathering - The Immortal Sun - Foil - Prerelease Promo,II-R8OU-7Z8W
Magic: the Gathering - General Tazri (019/184) - Oath of the Gatewatch - Foil,IM-CSXQ-J714
Magic: the Gathering - Birds of Paradise (176/221) - Conspiracy 2: Take the Crown,IM-HOQ2-1ULT
Jaya Ballard - Foil - Dominaria,IN-SA0Y-1D8O
"Elenda, the Dusk Rose - Foil - Rivals of Ixalan",IO-HJFB-MQZD
Magic: the Gathering - Eye of Ugin - Worldwake,IT-MR8Y-QC95
Magic: the Gathering - Phyrexian Arena - Eighth Edition,IU-P1MB-2BGD
Magic: the Gathering - Dragonskull Summit (292/351) - Commander 2016,J1-0OPQ-R4UF
Magic: the Gathering - Beseech the Queen - Shadowmoor,J1-VEWR-NRUR
Magic: The Gathering - Fiery Islet - Modern Horizons,J3-8N4J-1XGY
Magic the Gathering Sword of War and Peace - Foil - Masterpiece Series,J5-K4SY-US6D
Magic: The Gathering - Gaddock Teeg - Ultimate Masters - Rare,J8-PE6U-5ITT
"Magic: The Gathering - Urza, Lord High Artificer - Modern Horizons",J9-8P62-EF5M
Magic: the Gathering - Deploy the Gatewatch (020/205) - Prerelease & Release Promos - Foil,JA-DBJ2-UZOY
Crested Sunmare - Foil - Hour of Devastation,JA-F40B-4BYV
Delver of Secrets // Insectile Aberration - Foil - From the Vault: Transform,JA-XJ2Z-19IV
Magic: the Gathering - Grave Titan - Magic 2011,JI-WB7Q-OMI8
Magic: The Gathering - Platinum Emperion - Foil - Ultimate Masters Box Toppers - Mythic Rare,JJ-N64Z-4ZWD
Magic: The Gathering - Hall of Heliod's Generosity - Foil - Modern Horizons,JM-J389-QZLG
Wizards of the Coast Thran Dynamo - Foil - Iconic Masters,JO-WREF-J3K0
Magic: the Gathering - Grasp of Fate (003/342) - Commander 2015,JP-OOLY-0CIV
Wizards of the Coast Grand Abolisher - Archenemy: Nicol Bolas,JP-RU1J-T44C
Magic: the Gathering - Salvaging Station - Fifth Dawn - Foil,JU-BUX8-YV9R
"Magic: the Gathering - Ezuri, Renegade Leader - Scars of Mirrodin - Foil",JV-55EK-J0JD
Magic: the Gathering - Noble Hierarch (151/249) - Modern Masters 2015 - Foil,JV-95SD-S429
Magic: the Gathering - Grim Lavamancer - Premium Deck Series Fire & Lightning - Foil,JV-LDG3-AK0D
Magic: The Gathering - Unbound Flourishing - Foil - Modern Horizons,JV-QGOQ-V19L
Magic: The Gathering - Murderous Rider - Foil - Showcase - Throne of Eldraine,JX-UTRF-GX4P
Kindred Summons - Commander 2017,JY-4WNR-24U1
Magic: the Gathering - Inexorable Tide (049/249) - Modern Masters 2015,JZ-BT7W-5ISF
Magic: the Gathering Sakashima39;s Student (24) - Planechase 2012,JZ-T2II-TIEG
Magic: The Gathering - Plains - Boros (A08) - Foil Ravnica Weekend Promo - Unique and Miscellaneous Promo,K0-72D1-P6DL
Magic: the Gathering - Sunken Ruins - Shadowmoor - Foil,K1-WI3N-R2LD
Shatterstorm - Foil - Masterpiece Series: Amonkhet & Hour of Devastation Invocations,K5-NPPK-5AVF
Wizards of the Coast Oblivion Stone - Iconic Masters,K6-0HHH-W6D8
"MTG Guilds of Ravnica, Plaguecrafter 082/259 - Uncommon - FOIL - NM/M",K7-Q3XE-0M84
Magic: the Gathering - Councils Judgment (16/210) - Conspiracy,K8-2BU5-W7EK
Magic: the Gathering - Phyrexian Arena - Duel Decks: Phyrexia vs The Coalition,K9-5WA2-NTB3
Magic: The Gathering - Temporal Mastery (81) - Avacyn Restored,KA-PJ00-W025
Magic: the Gathering - Liliana Vess - Magic 2010,KC-II59-YVUY
Magic: the Gathering - Sakura-Tribe Elder - JSS Promos - Foil,KE-32OS-9TVD
"MTG Nicol Bolas, Dragon-God War of The Spark WAR 207/264 Alternate Art Japanese",KE-45O2-RLI8
Magic: the Gathering - Counterspell - FNM 2005 - FNM Promos - Foil,KE-8GVN-K1XJ
Magic: the Gathering - Hellkite Tyrant (128/351) - Commander 2016,KF-GSE2-SY4W
Magic: The Gathering - Vivien's Arkbow - Foil - Prerelease Promo,KG-BZNX-KAIO
Magic: The Gathering - Reanimate - Ultimate Masters - Rare,KN-KLAM-G76O
Magic: the Gathering - Lightning Greaves - Commander,KO-7UGJ-E2HM
Wizards of the Coast Worship - Foil - Masterpiece Series: Amonkhet Invocations,KQ-L8QD-W9DA
Magic: The Gathering - Unwinding Clock - Commander 2018,KS-VRHO-KSQB
Magic: The Gathering - Aetherworks Marvel (193/264) - Kaladesh,KS-Y9XZ-AJUJ
Phantasmal Image - Modern Masters 2017,KW-M3Z1-H12H
Magic: the Gathering - Platinum Angel - From the Vault: Angels - Foil,KZ-1TL8-QAIE
Magic: the Gathering - Mortal Combat - Torment - Foil,L1-ZBCQ-YO8K
Wizards of the Coast Rest in Peace - Masters 25,L2-ALVF-9VDW
"Magic: The Gathering - Mikaeus, The Unhallowed - Foil - Ultimate Masters Box Toppers - Mythic Rare",L3-E5UE-04ZT
Magic: the Gathering - Black Market (116/342) - Commander 2015,L3-N071-5D07
Magic: the Gathering - Stonehewer Giant (31) - Modern Masters,L6-PEE1-D567
Magic: The Gathering - Plains - Selesnya (A10) - Foil Ravnica Weekend Promo - Unique and Miscellaneous Promo,L6-WEKH-89OU
"Magic: The Gathering - Search Azcanta // Azcanta, The Sunken Ruin - 74/279 - Treasure Chest Promo - Ixalan",LA-N2MO-BMPV
Ruby Medallion - Commander Anthology Vol. II,LC-BJ61-OIU6
Magic: The Gathering - Archmage's Charm - Foil - Modern Horizons,LG-9OJ2-XM2Q
"Magic: the Gathering - Mikaeus, the Unhallowed (70) - Dark Ascension",LI-GEK1-D2RW
Magic: the Gathering - Urza's Power Plant (Sphere) - Antiquities,LK-FMYL-LAYO
"Magic: The Gathering - Karn, Scion of Urza - Ravnica Allegiance - Mythic Edition",LM-MAL4-6ATH
Virtus's Maneuver - Foil - 054/254 - R - Battlebond,LN-HNMT-5ET6
Magic: the Gathering - Command Beacon (004/008) - Judge Promos - Foil,LN-JTAQ-MMLP
Magic: the Gathering - Relic of Progenitus - Modern Masters - Foil,LN-YPMA-5KNO
Magic: The Gathering - Realm-Cloaked Giant // Cast Off - Foil Prerelease Promo,LO-8VO6-K6LT
Magic: the Gathering - Bitter Ordeal - Future Sight,LO-I8O4-49J3
Magic: the Gathering - Hangarback Walker (229/272) - Origins,LO-N86Y-1HEI
Magic: the Gathering - Phyrexian Arena - Ninth Edition,LP-1EDA-FVA6
Wizards of the Coast Arcane Denial - Foil - Masters 25,LP-PV8I-E9K1
Magic: the Gathering - Hedron Crab (47) - Zendikar,LR-SGIN-ACNI
Magic: the Gathering - Omniscience (63) - Magic 2013,LT-NEC9-78R2
Magic: The Gathering - Gideon Blackblade - War of The Spark,LT-UWBZ-0OX3
World Shaper - Foil - Rivals of Ixalan,LU-RG22-H377
MTG Gideon Blackblade War of The Spark WAR 013/264 Alternate Art Japanese,LX-KKPF-61UU
Magic: the Gathering - Throat Slitter - Betrayers of Kamigawa,LZ-3ZP8-7KAZ
Magic: The Gathering - Rest in Peace - Signature Spellbook: Gideon,M0-AWEP-6DEL
"Magic: The Gathering - Valakut, the Molten Pinnacle (228) - Zendikar",M4-CTA1-1ID4
Magic: the Gathering - Tezzeret the Seeker - Duel Decks: Elspeth vs Tezzeret - Foil,M5-VB0P-RIDG
Magic: the Gathering - Animate Dead (078/249) - Eternal Masters - Foil,M7-U53Z-IR7T
Magic: the Gathering - Magus of the Moon - Future Sight,M8-5IMA-03LE
Snapcaster Mage - Modern Masters 2017,MA-1YFE-CRA1
Magic: the Gathering - Time Warp - Magic 2010,ME-APXA-ZCTQ
Magic: The Gathering - Prime Speaker Vannifar - Foil - Ravnica Allegiance,ME-EK8W-VDFG
Magic: the Gathering - Glacial Chasm (7) - From the Vault: Realms - Foil,ME-YAE7-K4YT
Magic: The Gathering - Charming Prince - Foil - Throne of Eldraine,MF-PCP1-TYPQ
Wizards of the Coast Horizon Canopy - Iconic Masters,MG-K2W9-A460
Magic: the Gathering - Darkness - Legends,MH-VFXM-2YAB
Magic: The Gathering - Shattering Spree - Guilds of Ravnica: Guild Kits,MJ-MJ9C-DDTY
Magic: the Gathering - Dictate of Erebos (65/165) - Journey into Nyx - Foil,MK-X6ZX-1ICP
Magic: the Gathering - Riptide Laboratory - Onslaught,MN-AMB8-MUWP
Magic: the Gathering - Sol Ring (259/356) - Commander 2013,MN-Z38Z-ZR43
Magic: The Gathering - Phyrexian Tower - Foil - Ultimate Masters - Rare,MO-10F0-GVX9
Magic: the Gathering - Shriekmaw - Prerelease & Release Promos - Foil,MO-XJDM-PS8G
Magic: the Gathering - Karmic Guide (017/249) - Eternal Masters - Foil,MR-J10D-IA44
Magic: the Gathering - Attunement - Urza's Saga,MT-KPZN-I84O
Magic: the Gathering - Reanimate - FNM 2004 - FNM Promos - Foil,MU-EZE1-ZZVF
Magic: the Gathering - Stifle (108/210) - Conspiracy,MV-ECB2-T42K
Magic: the Gathering - Vedalken Shackles - Modern Masters - Foil,MX-ODOC-6TUO
Magic: The Gathering - Sunken Hollow - 249/274 - Standard Series Promo - Battle Zendikar,N2-ZT0U-XFJQ
Magic: the Gathering - Electrolyze - Book Promos by Magic: the Gathering,N4-25P6-0UOH
Griselbrand - Modern Masters 2017,N4-U6EE-XWM6
Silent Arbiter - Foil,N7-GVWE-0BO3
Dimir Signet - Foil - Modern Masters 2017,NB-BMEJ-0DL1
Magic: The Gathering - Chandra Ablaze (120) - Zendikar,NC-12UR-WTM3
MTG Magic Eldritch Moon Intro Pack - White PREORDER Ships On July 22nd,NC-TYTD-M579
Magic: the Gathering - Squandered Resources - Visions,NF-PKMA-0ZR3
Magic: the Gathering - Past in Flames - Innistrad,NH-7AGN-AQIC
"Multani, Yavimaya's Avatar - Foil - Dominaria",NJ-U2AN-PU12
Magic: the Gathering - Form of the Dragon - From the Vault: Dragons - Foil,NM-4CR9-5W72
Magic: the Gathering - Harvester of Souls (138/221) - Conspiracy 2: Take the Crown - Foil,NM-MJ5L-VAOZ
Magic: the Gathering - High Market (289/342) - Commander 2015,NO-8ZGX-E71U
Magic: the Gathering - Island (287) - Lorwyn - Foil,NO-KUK0-4HMW
Magic: The Gathering - Snapcaster Mage - Ultimate Masters - Mythic,NO-KVZ3-8G22
Magic: the Gathering - Gravecrawler - Duel Decks: Blessed vs Cursed,NP-F3QR-P7F1
"Magic: the Gathering - Lu Xun, Scholar General - Portal Three Kingdoms",NQ-NVIX-U4YY
Magic: the Gathering - Inkmoth Nexus - Mirrodin Besieged,NT-IDJP-ZIG4
Magic: the Gathering - Rite of Replication (105/342) - Commander 2015,NU-PLNJ-7X9S
Magic: The Gathering - Finale of Promise - War of The Spark,NU-QUDC-JT6J
Wizards of the Coast Hostage Taker - Ixalan,NV-BVL5-0F1O
Magic: The Gathering - Fires of Invention - Extended Art - Throne of Eldraine,NW-BZK2-QSJ9
Magic: The Gathering - Windswept Heath (248/269) - Khans of Tarkir,NY-VB0Y-0B7X
"Huatli, Warrior Poet - Foil - Ixalan",O0-83KS-FRLA
"Nissa, Vastwood Seer // Nissa, Sage Animist - Foil - From the Vault: Transform",O0-IJ4T-KE2B
"Magic: the Gathering - Teferi, Mage of Zhalfir - Time Spiral - Foil",O1-47GL-53G2
Magic: The Gathering - Island - Foil - 002/005-2018 Grand Prix Promo - Unique & Misc. Promos,O3-1JWG-03CK
Magic: the Gathering - Balefire Liege - Eventide,O4-1343-0DQ1
"Magic: The Gathering - Domri, Chaos Bringer - Ravnica Allegiance - Mythic Edition",O4-GC0L-5UJC
Magic: The Gathering - Tezzeret The Seeker - Foil - War of The Spark - Mythic Edition,OA-TPSK-LN2N
Master of the Wild Hunt - Foil - Masters 25,OF-K7S7-08HQ
Magic: The Gathering - Bloodchief Ascension (82) - Zendikar,OL-5X85-QXF3
Magic: the Gathering - Knowledge Exploitation - Morningtide,OM-XPRB-KOIC
Magic: the Gathering - Mystical Tutor - From the Vault: Exiled - Foil,OO-N1I7-GUOW
Magic: The Gathering - Rhonas The Indomitable - Foil - Prerelease Promo,OQ-I2GA-3KVN
Magic: the Gathering - Possessed Portal - Fifth Dawn,OQ-P05Z-OHEB
Magic: the Gathering - Walker of Secret Ways - Betrayers of Kamigawa,OQ-V9XJ-H4V7
"Magic: the Gathering - Titania, Protector of Argoth (050/337) - Commander 2014",OS-PRTR-QJ2K
Magic: The Gathering - Worship - Foil - Signature Spellbook: Gideon,OV-RZ8B-05X1
Magic: the Gathering - Delay - Future Sight,OV-VZFH-TMI5
Magic: The Gathering - Dance of The Manse - Foil - Throne of Eldraine,OV-YBA2-V16P
Stunning Reversal - Foil - 051/254 - M - Battlebond,OY-NLY0-RRVK
Magic: the Gathering - Mirrorwing Dragon (136/205) - Prerelease & Release Promos - Foil,OZ-D6MN-ZRNP
Magic: the Gathering Sphinx39;s Tutelage (076/272) - Origins - Foil,P0-PTHR-5TF1
"Magic: the Gathering - Leovold, Emissary of Trest (077/221) - Conspiracy 2: Take the Crown",P0-WS7D-ZZXB
Magic: the Gathering - Recruiter of the Guard (022/221) - Conspiracy 2: Take the Crown,P4-BNRR-VX6J
Gilded Lotus - Foil - Dominaria,P4-CJTS-UUYQ
Hazoret the Fervent - Foil - Masterpiece Series: Amonkhet Invocations,P4-L5A8-0J2L
Magic: the Gathering - Clever Impersonator (034/269) - Khans of Tarkir,P6-FWJA-R1M9
"Mikokoro, Center of the Sea - Foil - Masters 25",P7-FB4M-YROR
"Magic: The Gathering - Nicol Bolas, Dragon-God - Foil - War of The Spark",PA-4U11-480E
Magic: the Gathering - Mirror Gallery - Betrayers of Kamigawa,PE-AXF2-MONG
Deadeye Navigator - Foil - Modern Masters 2017,PE-DL2K-I6U7
Magic: the Gathering - Sol Ring - Commander 2014,PF-27OU-DGNI
Vigor - Foil - 215/254 - R - Battlebond,PF-E3R8-PUD0
Magic: The Gathering - Seize The Day - Foil - Ultimate Masters - Rare,PG-HGBZ-K5CG
"Magic: the Gathering - Nahiri, the Harbinger - Shadows Over Innistrad - Foil",PH-IVBG-V4V4
"Magic: the Gathering - Elspeth, Knight Errant - Modern Masters - Foil",PJ-VST7-1OHB
Magic: the Gathering - Nirkana Revenant - Rise of the Eldrazi,PJ-X4S8-WNVR
Magic: the Gathering - Ghostly Prison (086/221) - Conspiracy 2: Take the Crown,PM-0ESS-ID3O
Magic: the Gathering - Thelon of Havenwood - Time Spiral - Foil,PN-4ULD-WSVR
Solemn Simulacrum (219) - Commander Anthology Vol II,PO-BLJJ-84YC
"Magic: The Gathering - Emry, Lurker of The Loch - Extended Art - Throne of Eldraine",PO-DTG2-KFOV
Magic: the Gathering - Rafiq of the Many - Shards of Alara - Foil,PO-QDLU-6GGN
Magic: the Gathering - Fauna Shaman - Magic 2011,PT-5T0O-JSBN
Magic: The Gathering - Runed Halo - Foil - Ultimate Masters - Rare,PU-TIEE-367B
Magic: the Gathering - Griselbrand (001/001) - Unique & Misc. Promos,PY-2FVW-HB4B
Magic: The Gathering - Gamble - Ultimate Masters - Rare,Q1-IYTQ-E0BK
Magic: the Gathering - Wall of Blossoms (175/351) - Commander 2016,Q4-CA3Q-KSPI
Magic: the Gathering - Silent Arbiter - Fifth Dawn - Foil,Q5-SN2K-WAQJ
Magic: the Gathering - Solitary Confinement - Judgment,Q6-H6XG-OJRR
Deepglow Skate - Commander Anthology Vol. II,Q7-D1OP-TLDZ
Magic: The Gathering - Saheeli Rai (186/264) - Kaladesh,Q8-ITJJ-G74X
"Magic: the Gathering - Nekusar, the Mindrazer - Commander 2013",Q9-D17W-VE8Y
Magic: The Gathering - Forest - Selesnya (A09) - Foil Ravnica Weekend Promo - Unique and Miscellaneous Promo,QA-NFC3-T0KJ
"Magic: The Gathering - Nicol Bolas, the Ravager//Nicol Bolas, the Arisen - Foil - Core Set 2019",QB-EW07-GNF5
Black Market - Commander 2017,QB-OMMV-KSE8
Counterspell - Foil - R - Signature Spellbook: Jace,QC-BBOV-W3QM
"Magic: the Gathering - Baral, Chief of Compliance (028/184) - Aether Revolt - Foil",QC-JG2D-H487
Wizards of the Coast Ancestral Vision - Iconic Masters,QG-0FNS-R6EJ
"Magic: The Gathering - Heliod, God of the Sun (17/249) - Theros",QG-TSOE-LR81
Magic: the Gathering - Llanowar Elves - FNM 2000 - FNM Promos - Foil,QG-YHJ4-DN4A
Magic: the Gathering - Surgical Extraction - New Phyrexia,QI-59AD-YMJW
Magic: The Gathering - Cryptic Command - Modern Masters 2015,QJ-CEMR-MEW2
Magic: the Gathering - Polluted Delta (239/269) - Khans of Tarkir,QK-LQE9-J98T
Magic: The Gathering - Deliver Unto Evil - Foil - Prerelease Promo,QR-HXRJ-HCUK
Magic: The Gathering - Disrupting Shoal - Foil - Ultimate Masters - Rare,QS-1BNA-K3TX
Magic: the Gathering Conjurer39;s Closet (214) - Avacyn Restored,QY-ZBP1-H1LY
Magic: the Gathering - Oblivion Stone - Commander,QZ-GNKL-6IH1
Magic: the Gathering - Faithless Looting - Book Promos,R0-T22F-HS7G
Magic: the Gathering - Field Marshal (15/383) - Tenth Edition,R5-0Q1G-LFV4
Magic: The Gathering - Back to Basics - Ultimate Masters - Rare,R6-CQXB-UWWQ
Magic: the Gathering - Palace Sentinels (019/221) - Conspiracy 2: Take the Crown - Foil,R6-OHC6-UH8L
Magic: the Gathering - Mitotic Slime - Unique & Misc. Promos - Foil,R8-8TMS-AAKO
Magic: The Gathering - The Magic Mirror - Extended Art - Throne of Eldraine,RA-8KK5-J615
Magic: The Gathering - All is Dust - Modern Masters 2015,RC-2ML3-F6K8
Magic: the Gathering - Cover of Darkness - Onslaught,RC-C9NF-XI68
Magic: the Gathering - Karplusan Forest - Sixth Edition,RD-S611-25LO
Wizards of the Coast Ensnaring Bridge - Masters 25,RE-4IAJ-D66W
"Wizards of the Coast Jace, Cunning Castaway - Foil - Ixalan",RE-8IH7-MKLB
Cyclonic Rift - Modern Masters 2017,RE-BNEG-XMWY
Vindictive Lich - Commander 2017,RL-9R1K-BT2B
Magic: the Gathering - Solem Simulacrum (273/351) - Commander 2016,RL-XEWF-I6BJ
Magic: the Gathering - Maze of Ith - Foil DCI Judge Promo - Judge Promos - Foil,RM-DYYQ-VUN6
Magic: the Gathering - Tempt with Discovery (170/351) - Commander 2016,RO-TQCH-Q2H2
Magic: The Gathering - Reanimate - Foil - Ultimate Masters Box Toppers - Mythic Rare,RX-W1RD-T6F7
Magic: the Gathering - Staff of Domination - Fifth Dawn,RY-SZW6-GDVP
Magic: the Gathering - Angel of Invention (004/264) - Kaladesh - Foil,S3-YT7N-AY0M
Magic: the Gathering - Rite of Replication - Commander 2014,S5-SSWD-P3F1
Magic: The Gathering - Unearth - Foil - Modern Horizons,S6-H27Q-FXAR
Magic: the Gathering - Mana Geyser - Conspiracy - Foil,S7-VB9P-SDA9
"Magic: the Gathering - Selvala, Explorer Returned - Conspiracy - Foil",S8-FMY6-0F3H
Wizards of the Coast Graven Cairns - Foil - Iconic Masters,SA-NCIO-9YU8
Magic: the Gathering - Vedalken Orrery - Fifth Dawn,SB-AP9B-2HIV
Magic: The Gathering - Primal Amulet // Primal Wellspring - 243/279 - Treasure Chest Promo - Ixalan,SD-J6YT-7BMF
"Etali, Primal Storm - Media Promo - FOIL",SD-VV3F-Y4AE
Wizards of the Coast Lightning Greaves - Commander Anthology,SF-4WAE-2KK4
"Magic: The Gathering - Chromium, the Mutable - Foil - Core Set 2019",SF-DPEQ-A0LT
Magic: the Gathering - Void Winnower (017/274) - Battle for Zendikar,SG-C55C-QTGK
Magic: the Gathering - Energy Flux - Antiquities,SK-MI5F-EEZ8
Spellseeker - 041/254 - R - Battlebond,SL-JGXG-R8U7
Magic: the Gathering - Crop Rotation (007/076) - Duel Decks: Nissa vs Ob Nixilis,SL-LLPN-JXLK
Diabolic Edict - Foil - Masterpiece Series: Amonkhet & Hour of Devastation Invocations,SM-F7NX-FW62
Magic: the Gathering - Karplusan Forest - Ninth Edition,SM-XKA8-QBYY
"Magic: the Gathering - Homura, Human Ascendant - Saviors of Kamigawa",SM-ZUYX-I9JD
Magic: the Gathering - Lifeblood Hydra (045/337) - Commander 2014,SN-2A6O-6UXJ
Magic: the Gathering - Engineered Explosives - Fifth Dawn,SP-8GT7-QM0F
"Magic: The Gathering - Leovold, Emissary of Trest - Foil - Ultimate Masters Box Toppers - Mythic Rare",SQ-G1UF-Y5VI
"Karn, Scion of Urza - Foil - Dominaria - Prerelease Promo",SQ-H73U-PFJZ
"Magic: The Gathering - Hogaak, Arisen Necropolis - Foil - Modern Horizons",SS-D1N0-9U9R
Magic: The Gathering - Vengevine - Foil - Ultimate Masters Box Toppers - Mythic Rare,ST-DK4P-CRS5
Bloodline Keeper // Lord of Lineage - Foil - From the Vault: Transform,SW-3TL7-V2HQ
Magic the Gathering Defense Grid - Foil - Masterpiece Series,SW-EPQN-BP5X
Rune-Scarred Demon - Iconic Masters,SW-JAGX-X00Y
"Magic: The Gathering - Vaevictis Asmadi, the Dire - Foil - Prerelease Promos",SX-D4WC-RNY1
Magic: the Gathering - Electrolyze - Unique & Misc. Promos,SZ-3LRS-NATN
"Magic: the Gathering - Kozilek, Butcher of Truth - Modern Masters 2015",SZ-O0G0-3JR2
Magic: the Gathering - Flooded Grove - Eventide,T1-SH5X-V0OQ
Magic: the Gathering - Eternal Witness - FNM 2008 - FNM Promos - Foil,T4-A5MR-CRIA
Magic: the Gathering - Living End - Time Spiral,T6-LY42-8LUC
Magic: the Gathering - Corpse Dance - Tempest,TD-HG0J-1L05
Magic: the Gathering - Mindbreak Trap (57) - Zendikar - Foil,TD-IKQ6-6F75
Magic: The Gathering - Arcbound Ravager - Mythic Championship Qualifier Promo,TD-KW79-ISW3
Magic: the Gathering - Breaching Hippocamp (43/249) - Theros - Foil,TE-A1V2-F8U7
Magic: the Gathering - Yixlid Jailer - Unique & Misc. Promos,TE-GE2H-UKP7
Wizards of the Coast Daze - Foil - Masterpiece Series: Amonkhet Invocations,TE-QQTP-29X4
Magic: the Gathering Eldrazi Temple (068/080) - Duel Decks: Zendikar vs Eldrazi,TF-JG55-4XJJ
Magic: the Gathering - Goblin Lore - Portal Second Age,TG-0TA6-D27R
Magic: the Gathering - Silent Arbiter (204/210) - Conspiracy,TH-3B45-ZZEW
Wall of Blossoms - Commander Anthology,TH-LJ9S-MT6N
Magic: the Gathering - Sword of Kaldra - Mirrodin,TH-PAGU-3F3L
Magic: the Gathering - Treasonous Ogre (36/210) - Conspiracy - Foil,TH-V2TJ-ETPQ
Magic: the Gathering - Lord of the Undead (155/383) - Tenth Edition,TJ-MDY0-YNP1
Magic: the Gathering - Blood Moon - Modern Masters,TJ-T0I0-N5AB
Magic: the Gathering - Starfield of Nyx (033/272) - Origins - Foil,TM-RP7C-0G7E
Polyraptor - Foil - Rivals of Ixalan,TP-6XOW-XN1R
Magic: the Gathering - Snapcaster Mage - Innistrad,TP-U3VK-3Y8Q
Magic: The Gathering - Dig Through Time - Ultimate Masters - Rare,TQ-GESG-X2S6
Magic the Gathering- MTG: Planechase (2012 Edition) Night of the Ninja - Game Pack,TR-CLIJ-KG69
Magic: the Gathering - Wrath of God - Revised Edition,TT-O3EK-VGZL
"Magic: The Gathering - Sorin, Imperious Bloodlord - Core Set 2020",TU-3YPH-UGVP
"Magic: the Gathering - Darien, King of Kjeldor - Coldsnap - Foil",TV-ELPJ-3E6B
"Magic: The Gathering - Karn, The Great Creator - War of The Spark",TV-JI8H-22U0
Feldon of the Third Path - Foil - Commander Anthology Vol. II,TY-SC23-O9BA
Magic: The Gathering - Empowered Autogenerator - Commander 2019,TZ-EK3X-IPOW
Magic: the Gathering - Ghostly Prison (007/156) - Planechase Anthology,TZ-JLGV-HIQ8
Magic: the Gathering - Pendelhaven - Timeshifted,U0-PLFH-M8OT
Wizards of the Coast Necropotence - Iconic Masters,U0-UL05-7CFS
Magic: the Gathering - Metallic Mimic (164/184) - Aether Revolt,U2-VJ48-0OXP
Magic: The Gathering - Stirring Wildwood - Foil - Ultimate Masters Box Toppers - Mythic Rare,U3-M0MP-TI3X
Magic: The Gathering - Lovestruck Beast - Foil - Throne of Eldraine,U6-1XHZ-BNJT
Magic: the Gathering - Lurking Predators - Magic 2010,U6-T5VQ-0BL0
"Magic: the Gathering - Westvale Abbey // Ormendahl, Profane Prince (281/297) - Shadows Over Innistrad - Foil",U7-K4ZB-58H8
Magic: the Gathering - Negate - Textless Player Rewards - Player Rewards Promos,U7-O7ZM-1RDT
Magic: The Gathering - Mystic Forge - Foil - Prerelease Promo,UC-4GPY-139V
Magic: The Gathering - Scapeshift - Foil - Prerelease Promos,UC-JDPG-V7RO
Magic: the Gathering - Rishadan Port - Judge Promos - Foil,UI-QKET-VB99
Wizards of the Coast Treasure Map // Treasure Cove - Foil - Ixalan,UL-L541-NANE
Magic: the Gathering - Seat of the Synod - Mirrodin - Foil,UM-Q4TA-OMK1
Magic: The Gathering - Karn Liberated - Ultimate Masters - Mythic,UN-SJY4-ZHMV
Magic: the Gathering - Sword of War and Peace - New Phyrexia,UQ-PFUZ-S739
Wizards of the Coast Sunbird's Invocation - Foil - Ixalan,US-M9VH-3SIK
Magic: the Gathering - Deepglow Skate (007/351) - Commander 2016,UT-JS3R-05LF
Magic: the Gathering - Ornithopter - Antiquities,UU-ULBM-OTX9
"Magic: the Gathering - Jin-Gitaxias, Core Augur - New Phyrexia",UV-4JYT-MFH5
"Magic: the Gathering - Aurelia, Exemplar of Justice (153/259) - Guilds of Ravnica - Foil",UV-4WEB-SROC
Magic: the Gathering - Rhox Faithmender (29) - Magic 2013,UY-58KN-K93D
Magic: the Gathering - Life from the Loam - Duel Decks: Izzet vs Golgari,V0-A91V-Z7N1
Magic the Gathering: Conspiracy (Foil) - Time Spiral Time Shifted,V1-DWS0-2OJ6
Magic: the Gathering - Inspiring Vantage (246/264) - Kaladesh,V3-8RJP-8Z24
Magic: the Gathering - Eldrazi Temple (240/249) - Modern Masters 2015,V5-BFPP-UV3K
"Magic The Gathering MTG WAR JP 234 Sublime Artificer, Saheri (Japanese Version Uncommon [Original Art]) Great War  War of The Spark",V7-S2T6-G89T
Knacksaw Clique,V8-BR9P-FF5D
Magic: The Gathering - Gideon Jura - Foil - Signature Spellbook: Gideon,V8-IST6-RTSE
Magic: the Gathering - Aetherworks Marvel (193/264) - Kaladesh - Foil,V8-L79T-8LM2
Wizards of the Coast Solemn Simulacrum - Duel Decks: Elves vs. Inventors,VB-Z6WT-89KB
Magic: the Gathering - Crypt Ghast (61) - Gatecrash,VC-9BFV-LYLM
Magic: the Gathering - Entomb (087/249) - Eternal Masters,VC-I9JA-R2ML
Magic: the Gathering - Ghastlord of Fugue - Shadowmoor,VC-UZH5-1UDN
Magic: the Gathering - Jet Medallion (243/337) - Commander 2014,VD-FYOO-HXEP
Magic: the Gathering - Spirit Link - Legends,VE-K0Z1-NNHW
Magic: The Gathering - Acclaimed Contender - Foil - Extended Art - Throne of Eldraine,VG-JC4C-VX97
Wizards of the Coast Blood Moon - Masters 25,VG-W3WD-WE0T
Magic: the Gathering - Coastal Piracy - Eighth Edition - Foil,VH-K9F3-YNEY
Magic: the Gathering - Field Marshal - Coldsnap,VH-KA0I-2ZJV
Arid Mesa - Modern Masters 2017,VH-TEBQ-1UYA
Magic: the Gathering Mind39;s Dilation (070/205) - Eldritch Moon,VJ-4KSM-M369
Magic: the Gathering - Scavenging Ooze - Commander by Magic: the Gathering,VJ-5WMP-B3E6
Path to Exile - Modern Masters 2017,VJ-Z9IN-MZT5
Magic: the Gathering - Ghostly Prison (7) - Planechase 2012,VK-983K-NE5D
Magic: The Gathering - Voidslime - Ravnica Allegiance Guild Kits,VL-GQ8C-XK43
Magic: the Gathering - Combustible Gearhulk (004/054) - Masterpiece Series: Kaladesh & Aether Revolt Inventions - Foil,VL-ZQTY-NZTQ
Magic: The Gathering - Mystic Forge - Foil - Core Set 2020,VQ-F5T4-HNUH
"Gisela, Blade of Goldnight - Foil - Masters 25",VT-LF69-VJ6J
Magic: the Gathering - Custodi Squire (18/210) - Conspiracy - Foil,VT-QQKM-YKVM
"Magic: the Gathering - Vorinclex, Voice of Hunger - New Phyrexia - Foil",VT-XJ5N-H8SF
Magic: the Gathering - Liliana Vess - Lorwyn,VV-BZIA-3TWR
Archfiend of Despair - 044/254 - M - Battlebond,VV-DSB5-OLRO
Magic: The Gathering - Avenger of Zendikar - Commander 2018,VV-S80N-71Q8
Magic: The Gathering - Sword of Truth and Justice - Foil - Modern Horizons,VW-1R8D-VQL7
Bonus Round - Foil - 056/254 - R - Battlebond,VZ-NAY4-6CU9
Wizards of the Coast Everythingamajig (B) - Foil - Unstable,W0-PZWF-IVYU
Stolen Strategy - Foil - 064/254 - R - Battlebond,W0-Z74K-OBJP
Magic: the Gathering - Karmic Justice - Odyssey,W1-YLVA-6SUS
Wizards of the Coast Mishra's Bauble - Iconic Masters,W3-NCJG-UGUM
Magic: the Gathering - Vampire Nocturnus (113) - Magic 2013,W4-3KGZ-ZTUM
Magic: The Gathering - Oath of Nissa (140/184) - Oath of The Gatewatch,W4-LB68-B6OD
"Magic: the Gathering - Brago, King Eternal (198/249) - Eternal Masters - Foil",W5-1M4X-5VWL
Wizards of the Coast Vanquisher's Banner - Ixalan,WB-GA4Y-4QCG
Magic: The Gathering - Estrid's Invocation - Commander 2018,WF-D2U4-3OTC
Marsh Flats - Modern Masters 2017,WG-6AA6-58AR
Magic: the Gathering - Fellwar Stone - The Dark,WN-NNSW-26C2
Magic: the Gathering - Scion of Oona - Lorwyn by Magic: the Gathering,WO-9F0T-PTK2
Magic: The Gathering - God-Eternal Oketra - Foil - Prerelease Promo,WQ-MM0Z-SJMA
Rowan Kenrith - Foil - 002/254 - M - Battlebond,WU-THY1-7GL3
Magic: the Gathering - Terminate - Textless Player Rewards - Player Rewards Promos,WV-0898-AUIO
Magic: the Gathering - Tangle - Invasion - Foil by Magic: the Gathering,WV-NZ6T-BMGV
Wizards of the Coast Myriad Landscape - Foil - Masters 25,WW-IKFH-3NAZ
Magic: The Gathering - Scapeshift - Core Set 2019,WY-J98E-2ZKU
Magic: the Gathering - Faerie Artisans (008/351) - Commander 2016,WZ-70O2-46ZT
Magic: The Gathering - Windgrace's Judgement - Commander 2018,WZ-Z6YG-RN3D
Magic: the Gathering - Solem Simulacrum (273/351) - Commander 2016,X1-Q3DK-8L1Z
"Magic: the Gathering - Avacyn, Angel of Hope (005/015) - From the Vault: Angels - Foil",X3-1XYR-J1VV
Magic: the Gathering - Conspiracy - Mercadian Masques,X3-BMS7-B3OY
Magic: the Gathering - Goblin Welder - Foil DCI Judge Promo - Judge Promos - Foil,X3-GS0E-LABN
Negate - Foil - R - Signature Spellbook: Jace,X4-DR3E-ATO0
"Magic: The Gathering - Kaya, Orzhov Usurper - Ravnica Allegiance - Mythic Edition",X5-NSES-3S4V
Magic: the Gathering - Eiganjo Castle - Champions of Kamigawa,X5-XZZS-W94F
Magic: the Gathering - Ravenous Trap (109) - Zendikar,X6-J32J-80Y1
Magic: the Gathering - Rancor - Urza's Legacy - Foil,XD-H4KY-HDHJ
Magic: The Gathering - Sudden Substitution - Commander 2019,XE-5ZKN-PHZA
Magic: The Gathering - Karakas - Foil - Ultimate Masters - Mythic,XH-9Z0K-XVLL
Magic: the Gathering - Thought Reflection - Shadowmoor - Foil,XK-4M27-57HL
Wizards of the Coast Cascade Bluffs - Foil - Masters 25,XK-VXHC-1U9H
Magic: the Gathering - Stoneforge Mystic - Unique & Misc. Promos - Foil,XL-9LHI-7PV5
Magic: the Gathering - Goblin Lackey - Urza's Saga,XM-X15S-D5KM
"Krav, the Unredeemed - 004/254 - R - Battlebond",XN-UIYL-NAR0
Magic: the Gathering - Ruby Medallion (265/337) - Commander 2014,XN-VLYT-Z0LE
Magic: the Gathering - Sword of Light and Shadow (030/054) - Masterpiece Series: Kaladesh & Aether Revolt Inventions - Foil,XP-MO17-RXOJ
Magic: the Gathering - Tolaria West (013/016) - From The Vault: Lore - Foil,XS-VYGD-1K3E
Magic: The Gathering - Archangel of Tithes (004/272) - Origins,XV-KQ0C-SK8G
Magic: the Gathering - Deranged Hermit - Judge Promos - Foil,XW-ECTJ-VNC7
Magic: the Gathering - Ghostly Prison - Champions of Kamigawa,XX-U4M7-C5UL
Magic: the Gathering - Falkenrath Noble - Innistrad - Foil,XY-HM7H-ZQVE
Magic: the Gathering - Doubling Season - Modern Masters,XZ-07WW-6P54
Magic: The Gathering - Engineered Explosives - Foil - Ultimate Masters Box Toppers - Mythic Rare,XZ-740Y-A92J
Magic: the Gathering - Mind's Eye - Commander's Arsenal - Foil,Y2-DSVU-8RYG
Oblivion Stone - Commander Anthology Vol. II,Y2-S87D-TCTA
Magic: The Gathering - Thrilling Encore - Foil - Battlebond,Y3-RJJ8-ML32
Magic: the Gathering - Ghostly Prison (086/221) - Conspiracy 2: Take the Crown - Foil,Y4-EXJY-GQCQ
Magic: the Gathering - Darksteel Forge - Darksteel,Y6-ZBBF-CD8D
"Magic: the Gathering - Kiora, Master of the Depths (213/274) - Prerelease & Release Promos - Foil",Y8-XR28-EGLZ
Magic: the Gathering - Arcbound Ravager - Modern Masters,YB-4YPX-8MUS
Wizards of the Coast Path to Exile - Commander Anthology,YB-MXUO-262O
Magic: the Gathering - Elvish Champion - Duels of the Planeswalkers,YC-U4TE-9QDO
Magic: The Gathering - Deeproot Champion (2018 Convention Exclusive) - 185/279 - Ixalan,YE-URWF-KH88
"MTG War of the Spark, FOIL- God-Eternal Bontu - 092/264 - Mythic Rare - NM/M",YI-JXEX-ZALF
Magic: the Gathering - Lord of Atlantis - Fourth Edition,YJ-5AAR-K6AF
Magic: the Gathering - Eladamri's Call - Planeshift,YK-FH5W-KZ6X
Magic: the Gathering - Phyrexian Dreadnought - Mirage,YN-FDPT-PDH6
Magic: the Gathering - Reaping the Graves - Scourge - Foil,YO-EPE4-K3DK
"Elesh Norn, Grand Cenobite",YP-HFOB-HMDR
Magic: the Gathering - Thorn of Amethyst - Lorwyn,YR-LYQS-HJ9N
Magic: the Gathering - Mortify - Textless Player Rewards - Player Rewards Promos,YS-9T5O-SP0E
"Magic: the Gathering - Vraska, Golgari Queen (213/259) - Guilds of Ravnica - Foil",YT-BD01-2ENC
"Magic: The Gathering - Morophon, The Boundless - Modern Horizons",YW-2LPL-S0EN
"Magic: The Gathering - Narset, Parter of Veils - Foil - Prerelease Promo",YW-KNV2-LNMU
Magic: The Gathering - Charming Prince - Extended Art - Throne of Eldraine,YW-U8RK-70F8
Magic: The Gathering - Entomb - Ultimate Masters - Rare,YY-KQH9-1PBD
Magic: the Gathering - Heartwood Storyteller - Future Sight,YY-VQRR-AE5S
"Magic: the Gathering - Westvale Abbey // Ormendahl, Profane Prince (281/297) - Shadows Over Innistrad",Z0-V19K-RLCD
Pokemon - Mega M Charizard-EX (12/83) - Generations - Holo,Z1-KD8L-X5I2
Blood Moon - Modern Masters 2017,Z1-UCHC-ZEE0
"Magic: The Gathering - Avacyn, Angel of Hope - Judge Promo - Foil",Z1-ZFR7-IPKK
Magic: The Gathering - Doom Foretold - Foil - Extended Art - Throne of Eldraine,Z2-GK5R-Y2M4
Magic: The Gathering - Sanctum of Eternity - Commander 2019,Z4-SGDO-8VYD
Magic: The Gathering - Gilded Goose - Foil - Extended Art - Throne of Eldraine,Z6-M6X2-MP3E
Magic: The Gathering - Spiteful Sliver - Foil - Modern Horizons,Z6-PUJ8-Y1PP
Magic: the Gathering - Force of Will (040/249) - Eternal Masters,Z9-DI02-HEEM
Magic: the Gathering - Sword of Light and Shadow - Darksteel,Z9-KHQM-DO27
Ghostly Prison - Commander,ZA-3DJ6-CBS9
Magic: the Gathering - Twilight Mire - Expedition Lands - Foil,ZA-A34K-6I1R
Magic: The Gathering - Cavalier of Thorns - Core Set 2020,ZC-5XDX-WAM5
Magic: the Gathering - Lim-Dul's Vault - Alliances,ZC-FC41-90HT
Magic: the Gathering - Counterbalance - Coldsnap,ZG-22TE-M535
Magic: The Gathering - Fauna Shaman - Foil - Ultimate Masters - Rare,ZL-U6GH-WFWH
Wizards of the Coast Austere Command - Foil - Masterpiece Series: Amonkhet Invocations,ZM-WAGA-EVQW
Magic: the Gathering - Eidolon of the Great Revel - Journey into Nyx,ZQ-U7EN-9Z7W
"Magic: The Gathering - Tamiyo, Collector of Tales - Foil - Prerelease Promo",ZR-006S-HD47
Magic: the Gathering - Champion39;s Helm (007/054) - Masterpiece Series: Kaladesh & Aether Revolt Inventions - Foil,ZU-UBNM-UTS9
Magic: the Gathering - Pendrell Mists - Weatherlight,ZY-AVZA-LIBU
Magic: the Gathering - Karlov of the Ghost Council (046/342) - Commander 2015,a0dba0966c819f92a56956f9
"Magic: the Gathering - Elspeth, Knight-Errant - Shards of Alara - Foil",a159d288952f9fb9fddb4041
Magic: the Gathering - Blood Moon - Chronicles,a1ed197e4cc2b0801fc91cda
Magic: the Gathering - Copperline Gorge - Scars of Mirrodin,a2a53575b96379a041560998
Magic: the Gathering - Brushland - Fifth Edition,a3673f46a02d5358ab0a9e15
Magic: the Gathering - Hall of the Bandit Lord - Champions of Kamigawa,a3684a1b5e4e61d38952341c
Magic: the Gathering - Myojin of Life's Web - Champions of Kamigawa,a8e972651f50f6f073a8d84f
Magic: the Gathering - Sol Ring (268/342) - Commander 2015,aa52eb8d087911f03fbf59bc
Magic: the Gathering - Dark Confidant (74/229) - Modern Masters,aa76ea8ffedda6fe1c102a1a
Magic: the Gathering - Blade of Selves (051/342) - Commander 2015,ac837adacf924b49f19bd610
Magic: the Gathering - Reanimate - Archenemy Singles,b029e0af7ec423c3f41a1e2d
Magic: the Gathering - Show and Tell - Judge Promos - Foil,b1fecef4f9900ee8c9aa1858
Magic: the Gathering - Mishra's Factory (Spring) - Antiquities,b2b047890ab7ed6e0aa82797
Magic: the Gathering - Priest of Titania - FNM 2003 - FNM Promos - Foil,b3502e579249c6a316617355
Magic: the Gathering - AEther Vial - From the Vault: Relics - Foil,b49448198c2be3a3a79adfcc
Magic: the Gathering - Karplusan Forest - Ice Age,b59315e8398554f9c476713f
Magic: the Gathering Krark39;s Thumb - Mirrodin,b5f6c2b573037d44fdef200a
"Magic: the Gathering - Kamahl, Fist of Krosa - Onslaught",b5fd4de55b1e3846dd99a8d0
Magic: the Gathering - Parallel Lives - Innistrad - Foil,b65cf43dcb8e3bcba431c24c
Magic: the Gathering - City of Brass - Seventh Edition,b6667e2180428178c2f2f52c
Magic: the Gathering Kodama39;s Reach (151) - Modern Masters - Foil,b6fa37de20975b048bff1c69
Magic: the Gathering - Hallowed Spiritkeeper (008/337) - Commander 2014,b956fda74b2080ddd424e352
Magic: the Gathering - Exsanguinate - Scars of Mirrodin - Foil,b95f8f739f3898a5408a5f1e
Magic: the Gathering - Waves of Aggression - Eventide,ba6e59367def2249652dea51
Magic: the Gathering - Gyre Sage (123) - Gatecrash - Foil,ba861ebffc626137eab4b062
Magic: the Gathering - Eye of Ugin - Expedition Lands - Foil,bad67eca8dbc2c19d23adb59
Magic: the Gathering - Sculpting Steel (342/383) - Tenth Edition,bb5e8221ae80ea57793e8a50
Magic: the Gathering - Vendilion Clique (067/249) - Modern Masters 2015,bccb7e077410943fcdddee0b
Magic: the Gathering - Adarkar Wastes - Ninth Edition,bdaef689a1a9fa190307867d
Magic: the Gathering - AEther Vial - Modern Masters,c1b47c5b048144b8db7eff02
Magic: the Gathering - Pillar of the Paruns - Dissension,c1e226df2c862aa353ebfac5
Magic: the Gathering - Path to Exile - Modern Masters,c248c8b8358ab9dfaa7fd85e
Magic: the Gathering - Propaganda (094/351) - Commander 2016,c2b91695652c626c2439fe3d
Magic: the Gathering - Ancient Ziggurat - Conflux,c486cf4da77537569f317d91
Magic: the Gathering Conjurer39;s Closet (239/356) - Commander 2013,c65282d4ad4510899a4cbf61
Magic: the Gathering - Solemn Simulacrum (269/342) - Commander 2015,c6829fa0dd0e4f6fc63308e6
Magic: the Gathering - Beastmaster Ascension (176/342) - Commander 2015,c769950fcaea079e1f63fe36
Magic: the Gathering - Pithing Needle - Saviors of Kamigawa,c9138c7ced8ed66fb64806b8
Magic: the Gathering - Living Wish - DCI Judge Promo - Judge Promos - Foil,c935a6a2ef00c9322314800f
Magic: the Gathering - Remand (26) - Duel Decks: Jace vs Vraska,c9370709f0b42b444d136c6d
Magic: the Gathering - Bonescythe Sliver - Duels of the Planeswalkers 2014 XBOX Promo - Unique & Misc. Promos - Foil,c99a1d53bac7c1ae0dad143a
Magic: the Gathering - Karplusan Forest - Fifth Edition,ca58cafe31c87f7e086263f0
Magic: the Gathering - Jace Beleren - Book Promo - Book Promos,cc802ec8f86e8bd9bdf6c272
Magic: the Gathering - Sorin Markov (111) - Zendikar,ce05dd140c2bf73c65fdad5a
Magic: the Gathering - Scryb Ranger - Time Spiral,ce129b4a5c7d4160ef928c39
Magic: the Gathering - Cryptic Command - Modern Masters 2015 - Foil,d0c2e72ab6321014aa04b3aa
Magic: the Gathering - Command Beacon (056/342) - Commander 2015,d10006ce9b90ce4399ba030f
Magic: the Gathering - Lord of Atlantis - Timeshifted,d12e628b9a3b59435f557c54
Magic: the Gathering - Sarkhan Unbroken (230/264) - Dragons of Tarkir - Foil,d148ac66e7f75377b9e7177d
Magic: the Gathering - Shallow Grave - Mirage,d1961eb8f8717ef5cfd1e53b
"Magic: the Gathering - Urborg, Tomb of Yawgmoth (13) - From the Vault: Realms - Foil",d3869d1423d987bf55d087d6
Magic: the Gathering - Meekstone - Fourth Edition,d4e771dfe553240ef24216ee
Magic: the Gathering - Kinsbaile Cavalier - Duel Decks: Knights vs Dragons,d80e3c85f8195547b5a039ad
Magic: the Gathering - Marsh Flats (219) - Zendikar,d8cce6549c37ed9e4fae45b2
Magic: the Gathering - Chromatic Lantern (226) - Return to Ravnica - Foil,d954beab0e68c72d88f5056a
Magic: the Gathering - Ethersworn Canonist - Shards of Alara,da2ae1e185babd8d14c8c599
Magic: the Gathering - Sulfurous Springs - Ice Age,dab97b2818c4e869773358fa
Magic: the Gathering - Feldon of the Third Path (007/008) - Judge Promos - Foil,daf0077081cd309138ef1f4c
Magic: the Gathering - Dualcaster Mage (006/008) - Judge Promos - Foil,db58635e0a987daabc40721f
Magic: the Gathering - Utvara Hellkite (110) - Return to Ravnica - Foil,de1af3b2a1a18348d91a83a3
Magic: the Gathering - Crypt Ghast - Commander 2014,de2ddc47208395496b86140f
"Magic: the Gathering - Thrun, the Last Troll - Mirrodin Besieged - Foil",e04d6d2e35127b2ec178a4a3
Magic: the Gathering - Knowledge Pool - Mirrodin Besieged - Foil,e1bb65176531cdd6612c7ce5
Magic: the Gathering - Mystic Gate - Shadowmoor,e1c784bbe80f02f3438d5f1b
Magic: the Gathering - Knight Exemplar - Duel Decks: Knights vs Dragons,e36ca26decb39281d6f3527f
Magic: the Gathering - Ral Zarek (94) - Dragon's Maze - Foil,e62c3365d5636c671f77c6e6
Magic: the Gathering - Sol Ring - From the Vault: Relics - Foil,e656443c5777c2c7fa6f4229
Magic: the Gathering - Natural Order (177/249) - Eternal Masters,e66f66f286c855f13d6ce622
Magic: the Gathering - Fluctuator - Urza's Saga,e764a58087f0216b67bc9096
Magic: the Gathering - Fastbond - Revised Edition,e837f801ee5698a64250b1cf
Magic: the Gathering - Mind39;s Eye (018/264) - Masterpiece Series: Kaladesh & Aether Revolt Inventions - Foil,ea41197cfb78bc82f4d62bc5
"Magic: the Gathering - Niv-Mizzet, the Firemind - From the Vault: Dragons - Foil",ea53f247e1df991f5b4c37cc
Magic: the Gathering - Darkest Hour - Urza's Saga,ea8211af6c49e33d6c634791
Magic: the Gathering - Griselbrand (106) - Avacyn Restored,eab279bb7425ee4c7290cebe
Magic: the Gathering - Phyrexian Metamorph - Prerelease & Release Promos - Foil,ec941303cba9697f9d7b8339
Magic: the Gathering - Eldrazi Temple - Rise of the Eldrazi,ee87807bf45ffc16713ccaff
Magic: the Gathering - Thousand-Year Elixir (266/356) - Commander 2013,f008409bf58fe7f9fedb1148
"Magic: the Gathering Elspeth, Sun39;s Champion (9/249) - Theros - Foil",f075b4c074854834367c19f9
Magic: the Gathering - Reforge the Soul (151) - Avacyn Restored,f2d3a47c329c4e135fdfbc3d
Magic: the Gathering - Goblin Settler - Starter 1999,f2f0bb4cce01653f064d93db
Magic: the Gathering - Phyrexian Hydra - Mirrodin Besieged,f32aa22fed00a564870a3fb3
Magic: the Gathering - Hedron Archive (223/274) - Battle for Zendikar - Foil,f446ef4bb09f7827c03ff176
Magic: the Gathering - Birds of Paradise - Magic 2011,f4fc0299a86fb059e41eedb8
Magic: the Gathering - Glimpse of Nature - Champions of Kamigawa,f78c5135b8ec4d4223c8b503
Magic: the Gathering - Entomb (087/249) - Eternal Masters - Foil,f81d9a2c931a22b1d6bf10b1
Magic: the Gathering - Surgical Extraction (099/249) - Modern Masters 2015,f92234384b93ecdfed31f9de
Magic: the Gathering - Fire-Lit Thicket - Shadowmoor,f9d0984e92a64487c21c0b6e
Magic: the Gathering - Birds of Paradise - Revised Edition,fbcc294b8ff021bbb981023a
"Magic: the Gathering - Oboro, Palace in the Clouds - Saviors of Kamigawa",fd7f6cb1af8bd7f85a4b278c
Magic: the Gathering - Seachrome Coast - Scars of Mirrodin,ff0ed151765ee7c3614ceddd
Magic: the Gathering Patriarch39;s Bidding - Onslaught,ff684ab6c247628177dc5ed3
