Birds of Paradise,10th Edition
Time Stretch,Odyssey
Master of Cruelties,Ravnica Allegiance: Guild Kits
Wrath of God,Classic Sixth Edition
Hallowed Fountain,Return to Ravnica
Akroma's Memorial,Magic 2013 (M13)
Godless Shrine,Gatecrash
Bitter Ordeal,Future Sight
Blood Crypt,Return to Ravnica
Bridge from Below,Modern Masters
Hydroid Krasis,Ravnica Allegiance
Cloud Key,Future Sight
Stomping Ground,Gatecrash
Coalition Relic,Masters 25
Breeding Pool,Gatecrash
Daybreak Coronet,Future Sight
"Kaya, Orzhov Usurper",Ravnica Allegiance
Delay,Future Sight
Smothering Tithe,Ravnica Allegiance
Dryad Arbor,Future Sight
Glittering Wish,Future Sight
Grove of the Burnwillows,Iconic Masters
Heartwood Storyteller,Future Sight
"Emrakul, the Aeons Torn",Rise of the Eldrazi
Horizon Canopy,Iconic Masters
Karn Liberated,Modern Masters 2015
Magus of the Moat,Future Sight
"Kozilek, Butcher of Truth",Rise of the Eldrazi
Magus of the Moon,Future Sight
"Ulamog, the Infinite Gyre",Rise of the Eldrazi
Pact of Negation,Modern Masters
Snapcaster Mage,Modern Masters 2017
Sliver Legion,Future Sight
Temporal Manipulation,Ultimate Masters
Summoner's Pact,Masters 25
Bitterblossom,Morningtide
Sword of the Meek,Future Sight
Demonic Tutor,Duel Decks: Anthology
Tarmogoyf,Modern Masters 2015
Goryo's Vengeance,Betrayers of Kamigawa
Tolaria West,Future Sight
Liliana of the Veil,Modern Masters 2017
Veilstone Amulet,Future Sight
"Mikaeus, the Unhallowed",Dark Ascension
"Venser, Shaper Savant",Modern Masters 2017
Reanimate,Tempest
Yixlid Jailer,Future Sight
Ancient Tomb,Tempest
Damnation,Modern Masters 2017
Balefire Dragon,Innistrad
Extirpate,Modern Masters
Cavern of Souls,Modern Masters 2017
Necrotic Sliver,Planar Chaos
Through the Breach,Champions of Kamigawa
Porphyry Nodes,Planar Chaos
Celestial Colonnade,Worldwake
Temporal Extortion,Planar Chaos
Life from the Loam,Modern Masters
Altar of Dementia,Tempest
"Urborg, Tomb of Yawgmoth",Magic 2015 (M15)
Noble Hierarch,Conflux
"Mogis, God of Slaughter",Born of the Gods
"Karametra, God of Harvests",Born of the Gods
Academy Ruins,Modern Masters
Vengevine,Rise of the Eldrazi
"Xenagos, God of Revels",Born of the Gods
Ancestral Vision,Duel Decks: Anthology
Gaddock Teeg,Lorwyn
"Brimaz, King of Oreskos",Born of the Gods
Angel's Grace,Modern Masters
"Leovold, Emissary of Trest",Conspiracy: Take the Crown
"Phenax, God of Deception",Born of the Gods
Chromatic Star,10th Edition
Lord of Extinction,Alara Reborn
"Emblem - Kiora, the Crashing Wave",Born of the Gods
Flagstones of Trokair,Time Spiral
Dark Depths,Coldsnap
Archangel of Thune,Iconic Masters
Gauntlet of Power,Time Spiral
"Sigarda, Host of Herons",Avacyn Restored
Bonescythe Sliver,Magic 2014 (M14)
Gemstone Caverns,Time Spiral
Fulminator Mage,Shadowmoor
Rise of the Dark Realms,Magic 2014 (M14)
Greater Gargadon,Modern Masters
Engineered Explosives,Fifth Dawn
Galerider Sliver,Magic 2014 (M14)
Abeyance,Weatherlight
Harmonic Sliver,Time Spiral
Karakas,Eternal Masters
Liliana of the Dark Realms,Magic 2013 (M13)
Debt of Loyalty,Weatherlight
Kaervek the Merciless,Archenemy
Mana Vault,Revised Edition
Syphon Sliver,Magic 2014 (M14)
Firestorm,Weatherlight
Living End,Time Spiral
Platinum Emperion,Scars of Mirrodin
"Garruk, Caller of Beasts",Magic 2014 (M14)
Gemstone Mine,Timeshifted
Lotus Bloom,Modern Masters
Kalonian Hydra,Commander 2016
Goblin Bomb,Weatherlight
Nether Traitor,Time Spiral
Entomb,Odyssey
"Jace, Memory Adept",Magic 2012 (M12)
Lotus Vale,Weatherlight
Psionic Sliver,Time Spiral
Glen Elendra Archmage,Eventide
Door of Destinies,Morningtide
Mana Web,Weatherlight
Pulmonic Sliver,Time Spiral
Phyrexian Altar,Invasion
Mutavault,Morningtide
Null Rod,Weatherlight
Reiterate,Time Spiral
All Is Dust,Rise of the Eldrazi
Darksteel Forge,Planechase
Peacekeeper,Weatherlight
Restore Balance,Time Spiral
Phyrexian Tower,Urza's Saga
Ral Zarek,Dragon's Maze
Pendrell Mists,Weatherlight
Saffi Eriksdotter,Time Spiral
Back to Basics,Urza's Saga
Voice of Resurgence,Modern Masters 2017
Scorched Ruins,Weatherlight
Sedge Sliver,Time Spiral
Fauna Shaman,Magic 2011 (M11)
"Nicol Bolas, Planeswalker",Conflux
Winding Canyons,Weatherlight
Swarmyard,Time Spiral
Primordial Hydra,Magic 2012 (M12)
Vesuva,Time Spiral
Rot Hulk,Magic Game Night
Vampire Nocturnus,Magic 2010 (M10)
Walk the Aeons,Time Spiral
Glimpse the Unthinkable,Iconic Masters
"Krenko, Mob Boss",Duel Decks: Merfolk vs. Goblins
Wheel of Fate,Commander 2016
Shattering Spree,Guilds of Ravnica: Guild Kits
Rhox Faithmender,Magic 2013 (M13)
Conspiracy,Mercadian Masques
Privileged Position,Ravnica: City of Guilds
Darkness,Timeshifted
Overgrown Tomb,Return to Ravnica
Drowned Catacomb,Magic 2010 (M10)
Sacred Foundry,Gatecrash
Lord of Atlantis,Classic Sixth Edition
Steam Vents,Return to Ravnica
Omniscience,Core Set 2019
Undead Warchief,Scourge
Temple Garden,Return to Ravnica
"Garruk, Primal Hunter",Magic 2012 (M12)
Allosaurus Rider,Duel Decks: Anthology
Watery Grave,Gatecrash
Arcum Dagsson,Coldsnap
Assassin's Trophy,Guilds of Ravnica
"Avacyn, Angel of Hope",Iconic Masters
Balduvian Rage,Coldsnap
Chromatic Lantern,Return to Ravnica
Temporal Mastery,Modern Masters 2017
Braid of Fire,Coldsnap
"Vraska, Golgari Queen",Guilds of Ravnica
Griselbrand,Modern Masters 2017
Commandeer,Coldsnap
Arclight Phoenix,Guilds of Ravnica
Counterbalance,Coldsnap
Divine Visitation,Guilds of Ravnica
Craterhoof Behemoth,Modern Masters 2017
Descendants' Path,Avacyn Restored
Field Marshal,10th Edition
"Tamiyo, the Moon Sage",Avacyn Restored
"Haakon, Stromgald Scourge",Coldsnap
Reforge the Soul,Commander 2016
Herald of Leshrac,Coldsnap
Exquisite Blood,Avacyn Restored
Mishra's Bauble,Iconic Masters
Scrying Sheets,Coldsnap
Deadeye Navigator,Modern Masters 2017
Thrumming Stone,Coldsnap
Conjurer's Closet,Avacyn Restored
Gravecrawler,Duel Decks: Blessed vs. Cursed
"Sorin, Lord of Innistrad",Dark Ascension
Cytoplast Manipulator,Dissension
"Thalia, Guardian of Thraben",Masters 25
Grand Arbiter Augustin IV,Modern Masters
Huntmaster of the Fells,Dark Ascension
Infernal Tutor,Dissension
Grafdigger's Cage,Modern Masters 2017
Pillar of the Paruns,Dissension
"Arixmethes, Slumbering Isle",Commander 2018
Geralf's Messenger,Dark Ascension
Adarkar Wastes,10th Edition
Proclamation of Rebirth,Dissension
Avenger of Zendikar,Worldwake
Hinterland Harbor,Dominaria
Ashnod's Altar,Classic Sixth Edition
Voidslime,Dissension
Estrid's Invocation,Commander 2018
Isolated Chapel,Innistrad
"Yuriko, the Tiger's Shadow",Commander 2018
City of Brass,Classic Sixth Edition
Unwinding Clock,New Phyrexia
Endless Ranks of the Dead,Innistrad
Vivien Reid,Core Set 2019
"Ajani, Adversary of Tyrants",Core Set 2019
Meekstone,Classic Sixth Edition
Scapeshift,Morningtide
"Grimgrin, Corpse-Born",Innistrad
Necropotence,Eternal Masters
Debtors' Knell,Guildpact
"Nicol Bolas, the Ravager",Core Set 2019
Bloodline Keeper,Innistrad
Stasis,Revised Edition
Ghostway,Guildpact
Crucible of Worlds,10th Edition
Geist of Saint Traft,Innistrad
Sulfurous Springs,10th Edition
Resplendent Angel,Core Set 2019
Stony Silence,Modern Masters 2017
Sylvan Library,Eternal Masters
Leyline of the Void,Magic 2011 (M11)
Parallel Lives,Innistrad
Winds of Change,Fourth Edition
Spelltithe Enforcer,Guildpact
Goblin // Thopter Double-sided Token (Game Night),Core Set 2019
Sorin Markov,Zendikar
Winter Orb,Eternal Masters
Grim Lavamancer,Torment
Spire Garden,Battlebond
Primeval Titan,Magic 2011 (M11)
Anvil of Bogardan,Visions
"Teysa, Orzhov Scion",Guildpact
Bountiful Promenade,Battlebond
City of Solitude,Visions
Luxury Suite,Battlebond
Natural Order,Eternal Masters
Morphic Pool,Battlebond
Phantasmal Image,Modern Masters 2017
Necromancy,Visions
Sea of Clouds,Battlebond
Rune-Scarred Demon,Iconic Masters
Retribution of the Meek,Visions
"Pir, Imaginative Rascal",Battlebond
Solemn Simulacrum,Commander 2014
Squandered Resources,Visions
Will Kenrith,Battlebond
Teferi's Puzzle Box,Classic Sixth Edition
Archfiend of Despair,Battlebond
Angelic Destiny,Magic 2012 (M12)
Tithe,Visions
Bramble Sovereign,Battlebond
Undiscovered Paradise,Visions
Doubling Season,Modern Masters
Grand Abolisher,Commander 2014
Vampiric Tutor,Classic Sixth Edition
Autochthon Wurm,Ravnica: City of Guilds
Arena Rector,Battlebond
Adaptive Automaton,Magic 2012 (M12)
Cursed Totem,Classic Sixth Edition
Land Tax,Fourth Edition
Grave Titan,Magic 2011 (M11)
Enlightened Tutor,Classic Sixth Edition
Chord of Calling,Magic 2015 (M15)
True-Name Nemesis,Commander 2013
Hall of Gemstone,Mirage
Cloudstone Curio,Ravnica: City of Guilds
Diabolic Intent,Planeshift
Caged Sun,Commander 2014
Lion's Eye Diamond,Mirage
Copy Enchantment,Ravnica: City of Guilds
"Najeela, the Blade-Blossom",Battlebond
"Elesh Norn, Grand Cenobite",Modern Masters 2015
Mystical Tutor,Classic Sixth Edition
Dark Confidant,Modern Masters 2015
Spellseeker,Battlebond
Phyrexian Dreadnought,Mirage
Nirkana Revenant,Rise of the Eldrazi
Norn's Annex,New Phyrexia
Shallow Grave,Mirage
Seedborn Muse,10th Edition
Phyrexian Obliterator,Masters 25
Tombstone Stairwell,Mirage
Mycosynth Lattice,Darksteel
Puresteel Paladin,New Phyrexia
Worldly Tutor,Classic Sixth Edition
Blade of Selves,Commander 2015
Birthing Pod,New Phyrexia
Spellskite,Modern Masters 2015
Remand,Modern Masters 2015
Cathars' Crusade,Commander Anthology Volume II
Urabrask the Hidden,Iconic Masters
Coldsteel Heart,Commander 2015
"Sheoldred, Whispering One",Iconic Masters
Shadow of Doubt,Ravnica: City of Guilds
Deepglow Skate,Commander 2016
Surgical Extraction,Modern Masters 2015
Sunforger,Ravnica: City of Guilds
Wurmcoil Engine,Scars of Mirrodin
Phyrexian Metamorph,New Phyrexia
Fiery Confluence,Commander 2015
Batterskull,New Phyrexia
Tunnel Vision,Ravnica: City of Guilds
Grave Pact,10th Edition
Goblin Token,New Phyrexia
"Jin-Gitaxias, Core Augur",Iconic Masters
Lightning Greaves,Archenemy
Noxious Revival,New Phyrexia
Blood Moon,Modern Masters 2017
Urza's Incubator,Urza's Destiny
Sword of War and Peace,New Phyrexia
Brushland,10th Edition
Oblivion Stone,Mirrodin
Triumph of the Hordes,New Phyrexia
Coat of Arms,10th Edition
Thought Vessel,Commander 2015
Defense Grid,Urza's Legacy
Ruby Medallion,Tempest
"Vorinclex, Voice of Hunger",Iconic Masters
Elvish Champion,10th Edition
Solemn Simulacrum (218),Commander Anthology Volume II
Hero of Bladehold,Mirrodin Besieged
Force of Will,Eternal Masters
Solemn Simulacrum (219),Commander Anthology Volume II
Phyrexian Crusader,Mirrodin Besieged
Helm of Obedience,Alliances
Lord of the Undead,10th Edition
Green Sun's Zenith,Eternal Masters
Kjeldoran Outpost,Alliances
Mindslicer,Odyssey
Mox Amber,Dominaria
"Thrun, the Last Troll",Mirrodin Besieged
Lake of the Dead,Alliances
Phyrexian Arena,Commander 2015
"Muldrotha, the Gravetide",Dominaria
Consecrated Sphinx,Iconic Masters
Lim-Dul's Vault,Commander 2013
"Teferi, Hero of Dominaria",Dominaria
"Tezzeret, Agent of Bolas",Mirrodin Besieged
Phelddagrif,Alliances
Storage Matrix,Urza's Destiny
Lyra Dawnbringer,Dominaria
Blightsteel Colossus,Mirrodin Besieged
Phyrexian Devourer,Alliances
"Karn, Scion of Urza",Dominaria
Inkmoth Nexus,Mirrodin Besieged
Soldevi Excavations,Alliances
Darksteel Plate,Mirrodin Besieged
Sword of Feast and Famine,Magic Modern Event Deck
Thawing Glaciers,Alliances
Weathered Wayfarer,Onslaught
Thought Lash,Alliances
Worship,Urza's Saga
"Jace, the Mind Sculptor",Worldwake
Massacre Wurm,Mirrodin Besieged
Koskun Falls,Homelands
"Azusa, Lost but Seeking",Champions of Kamigawa
Wall of Kelp,Homelands
Celestial Kirin,Saviors of Kamigawa
Enduring Ideal,Saviors of Kamigawa
Sword of Fire and Ice,Darksteel
"Erayo, Soratami Ascendant",Saviors of Kamigawa
Chalice of the Void,Mirrodin
Sword of Light and Shadow,Darksteel
Illusions of Grandeur,Ice Age
"Meishin, the Mind Cage",Saviors of Kamigawa
Imperial Recruiter,Masters 25
Jester's Cap,Ice Age
"Michiko Konda, Truth Seeker",Saviors of Kamigawa
Ensnaring Bridge,Stronghold
Karplusan Forest,Ice Age
"Miren, the Moaning Well",Saviors of Kamigawa
Vendilion Clique,Morningtide
Mystic Remora,Ice Age
"Oboro, Palace in the Clouds",Saviors of Kamigawa
Rishadan Port,Mercadian Masques
One with Nothing,Saviors of Kamigawa
Cascade Bluffs,Eventide
Vedalken Shackles,Fifth Dawn
Pale Bears,Ice Age
Pithing Needle,Saviors of Kamigawa
Fetid Heath,Eventide
"Reki, the History of Kamigawa",Saviors of Kamigawa
Flooded Grove,Eventide
Cryptic Command,Lorwyn
Underground River,Ice Age
"Rune-Tail, Kitsune Ascendant",Saviors of Kamigawa
Master of the Wild Hunt,Magic 2010 (M10)
Sakashima the Impostor,Saviors of Kamigawa
Tooth and Nail,Mirrodin
Twilight Mire,Eventide
Aether Vial,Darksteel
"Higure, the Still Wind",Planechase Anthology
"Animar, Soul of Elements",Commander
Blinkmoth Nexus,Modern Masters 2015
"Hokori, Dust Drinker",Betrayers of Kamigawa
Arcbound Ravager,Darksteel
"Ink-Eyes, Servant of Oni",Planechase Anthology
"Kokusho, the Evening Star",Champions of Kamigawa
"Kira, Great Glass-Spinner",Modern Masters
"Kiki-Jiki, Mirror Breaker",Modern Masters 2015
Strip Mine,Anthologies
Mirror Gallery,Betrayers of Kamigawa
Rest in Peace,Return to Ravnica
Patron of the Orochi,Betrayers of Kamigawa
The Immortal Sun,Rivals of Ixalan
"Elspeth, Knight-Errant",Shards of Alara
Throat Slitter,Planechase Anthology
"Elenda, the Dusk Rose",Rivals of Ixalan
Umezawa's Jitte,Betrayers of Kamigawa
Polyraptor,Rivals of Ixalan
Walker of Secret Ways,Planechase Anthology
"Angrath, the Flame-Chained",Rivals of Ixalan
Ethersworn Canonist,Shards of Alara
City of Ass,Unhinged
"Zacama, Primal Calamity",Rivals of Ixalan
Path to Exile,Conflux
Forest - Full Art,Unhinged
Twilight Prophet,Rivals of Ixalan
Stonehewer Giant,Morningtide
Island - Full Art,Unhinged
Wayward Swordtooth,Rivals of Ixalan
Concordant Crossroads,Chronicles
"Johnny, Combo Player",Unhinged
Mountain - Full Art,Unhinged
Mox Lotus,Unhinged
Plains - Full Art,Unhinged
"Richard Garfield, Ph.D.",Unhinged
Swamp - Full Art,Unhinged
Mana Drain,Iconic Masters
Progenitus,Conflux
Sarkhan Vol,Shards of Alara
"Boseiju, Who Shelters All",Champions of Kamigawa
Manamorphose,Shadowmoor
Dosan the Falling Leaf,Champions of Kamigawa
"Oona, Queen of the Fae",Shadowmoor
Eiganjo Castle,Champions of Kamigawa
Forbidden Orchard,Commander 2016
Ghostly Prison,Conspiracy: Take the Crown
Glimpse of Nature,Champions of Kamigawa
Austere Command,Lorwyn
Glimmervoid,Mirrodin
Hall of the Bandit Lord,Champions of Kamigawa
"Emblem - Elspeth, Knight-Errant",Modern Masters
Heartbeat of Spring,Champions of Kamigawa
Supreme Verdict,Return to Ravnica
"Oloro, Ageless Ascetic",Commander 2013
"Isamaru, Hound of Konda",Champions of Kamigawa
"Nekusar, the Mindrazer",Commander 2013
Serra Ascendant,Magic 2011 (M11)
Bane of Progress,Commander 2015
Primal Vigor,Commander 2013
Konda's Banner,Champions of Kamigawa
Marrow-Gnawer,Champions of Kamigawa
Ophiomancer,Commander 2013
"Minamo, School at Water's Edge",Champions of Kamigawa
Toxic Deluge,Eternal Masters
Myojin of Life's Web,Champions of Kamigawa
Tempt with Vengeance,Commander 2013
Myojin of Night's Reach,Champions of Kamigawa
Auriok Champion,Fifth Dawn
Tempt with Discovery,Commander 2016
Myojin of Seeing Winds,Champions of Kamigawa
Nature's Will,Champions of Kamigawa
Baleful Strix,Eternal Masters
Sensei's Divining Top,Eternal Masters
Flusterstorm,Commander
Crawlspace,Urza's Legacy
Seshiro the Anointed,Champions of Kamigawa
Goblin Bombardment,Commander 2013
"Shizo, Death's Storehouse",Champions of Kamigawa
Homeward Path,Commander 2016
Bloodghast,Zendikar
Staff of Domination,Fifth Dawn
Thran Dynamo,Archenemy
Propaganda,Tempest
Thousand-Year Elixir,Lorwyn
Bringer of the Black Dawn,Fifth Dawn
"Ob Nixilis, the Fallen",Zendikar
Vedalken Orrery,Conspiracy
"Karador, Ghost Chieftain",Commander
Thoughtseize,Lorwyn
"Vish Kal, Blood Arbiter",Commander
Blasting Station,Fifth Dawn
Lotus Cobra,Zendikar
Stranglehold,Commander Anthology
Doubling Cube,10th Edition
Martyr's Bond,Commander
Fist of Suns,Commander 2017
Carnage Tyrant,Ixalan
Kaalia of the Vast,Commander
Helm of Kaldra,Fifth Dawn
Riku of Two Reflections,Commander
Krark-Clan Ironworks,Fifth Dawn
Growing Rites of Itlimoc,Ixalan
Mycosynth Golem,Fifth Dawn
Search for Azcanta,Ixalan
Ruination,Commander
Possessed Portal,Fifth Dawn
Hammer of Nazahn,Commander 2017
Garruk Wildspeaker,Lorwyn
Silent Arbiter,Fifth Dawn
Traverse the Outlands,Commander 2017
Attrition,Urza's Destiny
Magnetic Theft,Fifth Dawn
Bloodforged Battle-Axe,Commander 2017
Aura Shards,Invasion
Steelshaper's Gift,Fifth Dawn
Kindred Discovery,Commander 2017
Skullclamp,Commander 2015
Darksteel Reactor,Darksteel
Path of Ancestry,Commander 2017
Herald's Horn,Commander 2017
Memnarch,Archenemy
Kindred Summons,Commander 2017
Insurrection,Onslaught
Disrupt Decorum,Commander 2017
Teferi's Protection,Commander 2017
Vindictive Lich,Commander 2017
Darksteel Colossus,Magic 2010 (M10)
Black Market,Mercadian Masques
Fell the Mighty,Commander 2014
Champion's Helm,Commander
Serum Powder,Darksteel
Shield of Kaldra,Darksteel
Sakashima's Student,Planechase Anthology
Mirari's Wake,Judgment
Trinisphere,Darksteel
Kindred Dominance,Commander 2017
Maelstrom Wanderer,Eternal Masters
"Nicol Bolas, God-Pharaoh",Hour of Devastation
Savage Beating,Darksteel
The Locust God,Hour of Devastation
Reshape,Darksteel
"Neheb, the Eternal",Hour of Devastation
Retract,Darksteel
"Razaketh, the Foulblooded",Hour of Devastation
Extraplanar Lens,Mirrodin
Torment of Hailfire,Hour of Devastation
Vedalken Archmage,Mirrodin
The Scarab God,Hour of Devastation
Balefire Liege,Eventide
Isochron Scepter,Eternal Masters
Beseech the Queen,Shadowmoor
Cabal Coffers,Torment
Mindslaver,Scars of Mirrodin
Fabricate,Planechase
Fatespinner,Mirrodin
Flamekin Harbinger,Lorwyn
Sword of the Animist,Archenemy: Nicol Bolas
Chrome Mox,Eternal Masters
Darksteel Mutation,Commander Anthology
Krark's Thumb,Mirrodin
Eldrazi Monument,Zendikar
Leveler,Mirrodin
Lifeblood Hydra,Commander 2014
Inquisition of Kozilek,Rise of the Eldrazi
Mesmeric Orb,Mirrodin
Pathbreaker Ibex,Commander 2015
Platinum Angel,10th Edition
Song of the Dryads,Commander 2014
Proteus Staff,Mirrodin
Dack Fayden,Eternal Masters
Sculpting Steel,10th Edition
Sylvan Safekeeper,Commander 2014
Exploration,Urza's Saga
Sword of Kaldra,Mirrodin
Scourge of the Throne,Conspiracy
Talisman of Progress,Mirrodin
"Titania, Protector of Argoth",Commander 2014
Council's Judgment,Conspiracy
Stifle,Scourge
As Foretold,Amonkhet
"Liliana, Death's Majesty",Amonkhet
Sliver Overlord,Scourge
Anointed Procession,Amonkhet
Reflecting Pool,Shadowmoor
Bribery,Mercadian Masques
Intruder Alarm,Stronghold
Marsh Flats,Zendikar
Arid Mesa,Zendikar
Goblin Guide,Zendikar
Verdant Catacombs,Zendikar
Misty Rainforest,Zendikar
Scalding Tarn,Zendikar
Synapse Sliver,Legions
Toxin Sliver,Legions
Basilisk Collar,Worldwake
Magma Sliver,Legions
Brood Sliver,Legions
Death's Shadow,Worldwake
Wheel and Deal,Onslaught
"Linvala, Keeper of Silence",Rise of the Eldrazi
Aggravated Assault,Onslaught
Past in Flames,Modern Masters 2017
Serra the Benevolent,Modern Horizons
Goblin Piledriver,Onslaught
Modern Horizons - Booster Pack,Modern Horizons
"Kamahl, Fist of Krosa",Archenemy
Modern Horizons - Booster Box,Modern Horizons
Unholy Grotto,Onslaught
Force of Negation,Modern Horizons
Wooded Foothills,Khans of Tarkir
"Morophon, the Boundless",Modern Horizons
Wirewood Lodge,Duel Decks: Anthology
Cyclonic Rift,Return to Ravnica
Force of Vigor,Modern Horizons
Windswept Heath,Khans of Tarkir
Whir of Invention,Aether Revolt
Prismatic Vista,Modern Horizons
Riptide Laboratory,Onslaught
Metallic Mimic,Aether Revolt
Sunbaked Canyon,Modern Horizons
Polluted Delta,Khans of Tarkir
Planar Bridge,Aether Revolt
Nurturing Peatland,Modern Horizons
Flooded Strand,Khans of Tarkir
Paradox Engine,Aether Revolt
Waterlogged Grove,Modern Horizons
Bloodstained Mire,Khans of Tarkir
Walking Ballista,Aether Revolt
Silent Clearing,Modern Horizons
Oversold Cemetery,Onslaught
Heroic Intervention,Aether Revolt
Fiery Islet,Modern Horizons
Words of Wind,Onslaught
"Urza, Lord High Artificer",Modern Horizons
Mana Echoes,Onslaught
Giver of Runes,Modern Horizons
Goblin Sharpshooter,Onslaught
Ranger-Captain of Eos,Modern Horizons
Cover of Darkness,Onslaught
The First Sliver,Modern Horizons
Patriarch's Bidding,Onslaught
Modern Horizons - Booster Box Case,Modern Horizons
Words of Wilding,Onslaught
Mox Tantalite,Modern Horizons
Steely Resolve,Onslaught
Plague Engineer,Modern Horizons
Solitary Confinement,Judgment
Seasoned Pyromancer,Modern Horizons
Test of Endurance,Judgment
Wrenn and Six,Modern Horizons
Conqueror's Flail,Commander 2016
Unbound Flourishing,Modern Horizons
Cunning Wish,Judgment
Sword of Sinew and Steel,Modern Horizons
Balthor the Defiled,Judgment
"Iroas, God of Victory",Journey Into Nyx
Sword of Truth and Justice,Modern Horizons
Genesis,Judgment
Stonehoof Chieftain,Commander 2016
"Yawgmoth, Thran Physician",Modern Horizons
Faerie Artisans,Commander 2016
Echo of Eons,Modern Horizons
"Hogaak, Arisen Necropolis",Modern Horizons
Burgeoning,Stronghold
Hexdrinker,Modern Horizons
Insidious Dreams,Torment
War of the Spark - Booster Box Case,War of the Spark
War of the Spark - Booster Box,War of the Spark
War of the Spark - Bundle,War of the Spark
Hellkite Tyrant,Gatecrash
War of the Spark - Planeswalker Deck Display,War of the Spark
War of the Spark - Planeswalker Deck [Set of 2],War of the Spark
War of the Spark - Prerelease Pack,War of the Spark
"Liliana, Dreadhorde General",War of the Spark
Lurking Predators,Magic 2010 (M10)
War of the Spark - Planeswalker Deck [Gideon],War of the Spark
War of the Spark - Planeswalker Deck [Jace],War of the Spark
"Teferi, Time Raveler",War of the Spark
Dreadhorde Arcanist,War of the Spark
"Karn, the Great Creator",War of the Spark
Venser's Journal,Scars of Mirrodin
"Nissa, Who Shakes the World",War of the Spark
Waste Not,Magic 2015 (M15)
God-Eternal Kefnet,War of the Spark
Saheeli Rai,Kaladesh
Finale of Promise,War of the Spark
"Chandra, Torch of Defiance",Kaladesh
"Nicol Bolas, Dragon-God",War of the Spark
Panharmonicon,Kaladesh
War of the Spark - Theme Booster Pack [Set of 5],War of the Spark
Spirebluff Canal,Kaladesh
War of the Spark - Theme Booster Display Box,War of the Spark
Aetherflux Reservoir,Kaladesh
War of the Spark - Theme Booster Pack [White],War of the Spark
Crop Rotation,Duel Decks: Nissa vs. Ob Nixilis
War of the Spark - Theme Booster Pack [Blue],War of the Spark
"Kaya, Ghost Assassin",Conspiracy: Take the Crown
War of the Spark - Theme Booster Pack [Black],War of the Spark
Queen Marchesa,Conspiracy: Take the Crown
War of the Spark - Theme Booster Pack [Red],War of the Spark
War of the Spark - Theme Booster Pack [Green],War of the Spark
Recruiter of the Guard,Conspiracy: Take the Crown
Finale of Devastation,War of the Spark
"Daretti, Ingenious Iconoclast",Conspiracy: Take the Crown
Gideon Blackblade,War of the Spark
God-Eternal Oketra,War of the Spark
Core Set 2020 - Deck Builder's Toolkit,Core Set 2020
Core Set 2020 - Booster Box Case,Core Set 2020
Expropriate,Conspiracy: Take the Crown
Core Set 2020 - Booster Box,Core Set 2020
"Grenzo, Havoc Raiser",Conspiracy: Take the Crown
Core Set 2020 - Planeswalker Deck Display,Core Set 2020
Armageddon,Revised Edition
Sanctum Prelate,Conspiracy: Take the Crown
Core Set 2020 - Bundle,Core Set 2020
Badlands,Revised Edition
Berserk,Conspiracy: Take the Crown
Core Set 2020 - Planeswalker Deck [Set of 5],Core Set 2020
Bayou,Revised Edition
"Chandra, Acolyte of Flame",Core Set 2020
Regal Behemoth,Conspiracy: Take the Crown
"Chandra, Awakened Inferno",Core Set 2020
Braingeyser,Revised Edition
"Selvala, Heart of the Wilds",Conspiracy: Take the Crown
Core Set 2020 - Planeswalker Deck [Ajani],Core Set 2020
Copy Artifact,Revised Edition
Core Set 2020 - Planeswalker Deck [Chandra],Core Set 2020
Demonic Hordes,Revised Edition
Core Set 2020 - Planeswalker Deck [Vivien],Core Set 2020
Show and Tell,Urza's Saga
Core Set 2020 - Planeswalker Deck [Sorin],Core Set 2020
Fastbond,Revised Edition
"Emrakul, the Promised End",Eldritch Moon
Core Set 2020 - Planeswalker Deck [Yanling],Core Set 2020
Force of Nature,Revised Edition
"Gisela, the Broken Blade",Eldritch Moon
"Ajani, Strength of the Pride",Core Set 2020
Fork,Revised Edition
Collective Brutality,Eldritch Moon
Howling Mine,Revised Edition
"Tamiyo, Field Researcher",Eldritch Moon
"Sorin, Imperious Bloodlord",Core Set 2020
Grim Flayer,Eldritch Moon
"Yarok, the Desecrated",Core Set 2020
"Liliana, the Last Hope",Eldritch Moon
"Omnath, Locus of the Roil",Core Set 2020
Lotus Field,Core Set 2020
Mind Twist,Revised Edition
Wasteland,Tempest
Core Set 2020 Theme Booster [Blue],Core Set 2020
Nevinyrral's Disk,Revised Edition
Sneak Attack,Urza's Saga
Core Set 2020 Theme Booster [Black],Core Set 2020
Plateau,Revised Edition
Core Set 2020 Theme Booster [Red],Core Set 2020
Royal Assassin,Revised Edition
Core Set 2020 Theme Booster [Green],Core Set 2020
Savannah,Revised Edition
Core Set 2020 Theme Booster [White],Core Set 2020
Scrubland,Revised Edition
Core Set 2020 Theme Booster [Set of 5],Core Set 2020
Serendib Efreet,Revised Edition
Cavalier of Thorns,Core Set 2020
Shivan Dragon,Revised Edition
Mana Crypt,Eternal Masters
"Mu Yanling, Sky Dancer",Core Set 2020
Sol Ring,Revised Edition
Maze of Ith,Eternal Masters
Angelic Guardian,Core Set 2020
Immortal Phoenix,Core Set 2020
Taiga,Revised Edition
Core Set 2020 - Prerelease Pack,Core Set 2020
Tropical Island,Revised Edition
Tundra,Revised Edition
Underground Sea,Revised Edition
Karmic Justice,Commander 2015
Vesuvan Doppelganger,Revised Edition
Patron Wizard,Odyssey
Volcanic Island,Revised Edition
Wheel of Fortune,Revised Edition
Tainted Pact,Odyssey
Chance Encounter,Odyssey
Price of Glory,Odyssey
Argothian Enchantress,Urza's Saga
Bearscape,Odyssey
Squirrel Mob,Odyssey
Crystal Quarry,Odyssey
Deserted Temple,Odyssey
Petrified Field,Odyssey
Heritage Druid,Morningtide
Skycloud Expanse,Odyssey
Relentless Dead,Shadows over Innistrad
Tarnished Citadel,Odyssey
Thing in the Ice,Shadows over Innistrad
Pernicious Deed,Apocalypse
"Sorin, Grim Nemesis",Shadows over Innistrad
Westvale Abbey,Shadows over Innistrad
Vindicate,Apocalypse
Tireless Tracker,Shadows over Innistrad
Yavimaya Coast,Apocalypse
The Gitrog Monster,Shadows over Innistrad
Ulvenwald Hydra,Shadows over Innistrad
Cryptolith Rite,Shadows over Innistrad
"Kozilek, the Great Distortion",Oath of the Gatewatch
"Kalitas, Traitor of Ghet",Oath of the Gatewatch
Thought-Knot Seer,Oath of the Gatewatch
"Mazirek, Kraul Death Priest",Commander 2015
Mizzix of the Izmagnus,Commander 2015
"Gisela, Blade of Goldnight",Commander 2015
Dread Summons,Commander 2015
Bastion Protector,Commander 2015
Command Beacon,Commander 2015
"Ezuri, Claw of Progress",Commander 2015
Grasp of Fate,Commander 2015
Meren of Clan Nel Toth,Commander 2015
Mizzix's Mastery,Commander 2015
Arachnogenesis,Commander 2015
"Arjun, the Shifting Flame",Commander 2015
Karlov of the Ghost Council,Commander 2015
Aura of Silence,Commander 2015
Rite of Replication,Zendikar
Oppression,Urza's Saga
"Gideon, Ally of Zendikar",Battle for Zendikar
Static Orb,Tempest
"Ulamog, the Ceaseless Hunger",Battle for Zendikar
"Omnath, Locus of Rage",Battle for Zendikar
Void Winnower,Battle for Zendikar
"Drana, Liberator of Malakir",Battle for Zendikar
It That Betrays,Rise of the Eldrazi
Eldrazi Temple,Rise of the Eldrazi
Eladamri's Call,Planeshift
"Liliana, Heretical Healer",Magic Origins
"Nissa, Vastwood Seer",Magic Origins
Meddling Mage,Alara Reborn
Starfield of Nyx,Magic Origins
"Nemata, Grove Guardian",Planeshift
Day's Undoing,Magic Origins
Orim's Chant,Planeshift
"Jace, Vryn's Prodigy",Magic Origins
Absorb,Invasion
Archangel of Tithes,Magic Origins
Alhammarret's Archive,Magic Origins
Captain Sisay,Invasion
Pyromancer's Goggles,Magic Origins
Collective Restraint,Invasion
Hangarback Walker,Magic Origins
Dueling Grounds,Invasion
Empress Galina,Invasion
Fact or Fiction,Invasion
Splinter Twin,Rise of the Eldrazi
Saproling Symbiosis,Invasion
Sterling Grove,Invasion
Urza's Filter,Invasion
Overburden,Prophecy
Mox Opal,Scars of Mirrodin
Rhystic Study,Prophecy
Eye of Ugin,Worldwake
"Iona, Shield of Emeria",Zendikar
Kor Haven,Nemesis
Moggcatcher,Nemesis
Tangle Wire,Nemesis
Leyline of Sanctity,Magic 2011 (M11)
Tezzeret the Seeker,Shards of Alara
Necroskitter,Eventide
Inexorable Tide,Modern Masters 2015
Expedition Map,Zendikar
Dragonlord Silumgar,Dragons of Tarkir
"Sidisi, Undead Vizier",Dragons of Tarkir
Shaman of Forgotten Ways,Dragons of Tarkir
Crackdown,Mercadian Masques
Narset Transcendent,Dragons of Tarkir
Dust Bowl,Mercadian Masques
Dragonlord Dromoka,Dragons of Tarkir
Food Chain,Mercadian Masques
Collected Company,Dragons of Tarkir
High Market,Mercadian Masques
Sarkhan Unbroken,Dragons of Tarkir
Puppet's Verdict,Mercadian Masques
Dragonlord Atarka,Dragons of Tarkir
Kolaghan's Command,Dragons of Tarkir
"Squee, Goblin Nabob",Mercadian Masques
"Ugin, the Spirit Dragon",Fate Reforged
Unmask,Mercadian Masques
Temporal Trespass,Fate Reforged
Monastery Mentor,Fate Reforged
Goblin Matron,Duel Decks: Anthology
Nature's Lore,Duel Decks: Anthology
Snuff Out,Duel Decks: Anthology
Academy Rector,Urza's Destiny
Gush,Duel Decks: Anthology
Aura Thief,Urza's Destiny
"Teferi, Temporal Archmage",Commander 2014
Donate,Urza's Destiny
Ghoulcaller Gisa,Commander 2014
Metalworker,Urza's Destiny
Ob Nixilis of the Black Oath,Commander 2014
Opalescence,Urza's Destiny
"Freyalise, Llanowar's Fury",Commander 2014
Opposition,Urza's Destiny
Repercussion,Urza's Destiny
Jet Medallion,Tempest
Replenish,Urza's Destiny
"Rofellos, Llanowar Emissary",Urza's Destiny
"Nahiri, the Lithomancer",Commander 2014
Stormsurge Kraken,Commander 2014
Treachery,Urza's Destiny
Comeuppance,Commander 2014
Yavimaya Hollow,Urza's Destiny
Hallowed Spiritkeeper,Commander 2014
Yawgmoth's Bargain,Urza's Destiny
Pongify,Commander 2014
Crypt Ghast,Commander 2014
Pearl Medallion,Tempest
Sapphire Medallion,Tempest
"Emeria, the Sky Ruin",Zendikar
Clever Impersonator,Khans of Tarkir
"Ob Nixilis, Unshackled",Magic 2015 (M15)
Sliver Hive,Magic 2015 (M15)
Ajani Steadfast,Magic 2015 (M15)
Liliana Vess,Lorwyn
"Garruk, Apex Predator",Magic 2015 (M15)
Sliver Hivelord,Magic 2015 (M15)
The Chain Veil,Magic 2015 (M15)
"Keranos, God of Storms",Journey Into Nyx
Godsend,Journey Into Nyx
"Ajani, Mentor of Heroes",Journey Into Nyx
"Kruphix, God of Horizons",Journey Into Nyx
Mana Confluence,Journey Into Nyx
"Athreos, God of Passage",Journey Into Nyx
Dictate of Erebos,Journey Into Nyx
"Thassa, God of the Sea",Theros
"Heliod, God of the Sun",Theros
"Elspeth, Sun's Champion",Theros
"Nylea, God of the Hunt",Theros
"Nykthos, Shrine to Nyx",Theros
"Purphoros, God of the Forge",Theros
"Erebos, God of the Dead",Theros
"Ashiok, Nightmare Weaver",Theros
"Aurelia, the Warleader",Gatecrash
Aurelia's Fury,Gatecrash
Lord of the Void,Gatecrash
Worldspine Wurm,Return to Ravnica
Elspeth Tirel,Scars of Mirrodin
"Skithiryx, the Blight Dragon",Scars of Mirrodin
Sword of Body and Mind,Scars of Mirrodin
"Venser, the Sojourner",Scars of Mirrodin
"Geth, Lord of the Vault",Scars of Mirrodin
Contagion Engine,Scars of Mirrodin
Koth of the Hammer,Scars of Mirrodin
Exsanguinate,Scars of Mirrodin
Wurm Token (Deathtouch),Scars of Mirrodin
Painful Quandary,Scars of Mirrodin
Seachrome Coast,Scars of Mirrodin
Asceticism,Scars of Mirrodin
Blackcleave Cliffs,Scars of Mirrodin
Copperline Gorge,Scars of Mirrodin
Darkslick Shores,Scars of Mirrodin
Razorverge Thicket,Scars of Mirrodin
Lux Cannon,Scars of Mirrodin
Nim Deathmantle,Scars of Mirrodin
Baneslayer Angel,Magic 2010 (M10)
Captivating Vampire,Magic 2011 (M11)
Glacial Fortress,Magic 2010 (M10)
Knight Exemplar,Magic 2011 (M11)
Steel Overseer,Magic 2011 (M11)
Liliana's Caress,Magic 2011 (M11)
Demon of Death's Gate,Magic 2011 (M11)
Leyline of Anticipation,Magic 2011 (M11)
Ajani Goldmane,Lorwyn
Master Transmuter,Conflux
Defense of the Heart,Urza's Legacy
Deranged Hermit,Urza's Legacy
Grim Monolith,Urza's Legacy
Memory Jar,Urza's Legacy
No Mercy,Urza's Legacy
Palinchron,Urza's Legacy
Quicksilver Amulet,Urza's Legacy
Second Chance,Urza's Legacy
Lighthouse Chronologist,Rise of the Eldrazi
Training Grounds,Rise of the Eldrazi
Khalni Hydra,Rise of the Eldrazi
Sarkhan the Mad,Rise of the Eldrazi
Admonition Angel,Worldwake
Amulet of Vigor,Worldwake
Creeping Tar Pit,Worldwake
Attunement,Urza's Saga
Carpet of Flowers,Urza's Saga
Contamination,Urza's Saga
"Omnath, Locus of Mana",Worldwake
Darkest Hour,Urza's Saga
Stoneforge Mystic,Worldwake
Energy Field,Urza's Saga
Archive Trap,Zendikar
Fluctuator,Urza's Saga
Bloodchief Ascension,Zendikar
Gaea's Cradle,Urza's Saga
Gamble,Urza's Saga
Chandra Ablaze,Zendikar
Gilded Drake,Urza's Saga
Goblin Lackey,Urza's Saga
Great Whale,Urza's Saga
"Karn, Silver Golem",Urza's Saga
Lifeline,Urza's Saga
Morphling,Urza's Saga
Mindbreak Trap,Zendikar
Remembrance,Urza's Saga
Serra's Sanctum,Urza's Saga
Nissa Revane,Zendikar
Smokestack,Urza's Saga
Oracle of Mul Daya,Zendikar
Pyromancer Ascension,Zendikar
Sunder,Urza's Saga
Ravenous Trap,Zendikar
Temporal Aperture,Urza's Saga
Time Spiral,Urza's Saga
Roil Elemental,Zendikar
Tolarian Academy,Urza's Saga
Yawgmoth's Will,Urza's Saga
"Valakut, the Molten Pinnacle",Zendikar
Warren Instigator,Zendikar
"Kalitas, Bloodchief of Ghet",Zendikar
Hive Mind,Magic 2010 (M10)
Ashnod's Coupon,Unglued
Blacker Lotus,Unglued
Sphinx Ambassador,Magic 2010 (M10)
Forest - Unglued,Unglued
Time Warp,Tempest
Island - Unglued,Unglued
Mountain - Unglued,Unglued
"Strategy, Schmategy",Unglued
Swamp - Unglued,Unglued
Cataclysm,Exodus
Dragon Broodmother,Alara Reborn
City of Traitors,Exodus
"Karrthus, Tyrant of Jund",Alara Reborn
Lich Lord of Unx,Alara Reborn
"Ertai, Wizard Adept",Exodus
Hatred,Exodus
Maelstrom Nexus,Alara Reborn
Mana Breach,Exodus
Maelstrom Pulse,Alara Reborn
Manabond,Exodus
Mayael's Aria,Alara Reborn
Mind Over Matter,Exodus
Reconnaissance,Exodus
Nemesis of Reason,Alara Reborn
Recurring Nightmare,Exodus
Sen Triplets,Alara Reborn
Sphere of Resistance,Exodus
Time Sieve,Alara Reborn
Spike Weaver,Exodus
"Uril, the Miststalker",Alara Reborn
Survival of the Fittest,Exodus
Wargate,Alara Reborn
Ancient Ziggurat,Conflux
Font of Mythos,Conflux
Maelstrom Archangel,Conflux
Ad Nauseam,Shards of Alara
Ajani Vengeant,Shards of Alara
Godsire,Shards of Alara
Hellkite Overlord,Shards of Alara
Kederekt Leviathan,Shards of Alara
Kresh the Bloodbraided,Shards of Alara
Constant Mists,Stronghold
Rafiq of the Many,Shards of Alara
Crystalline Sliver,Stronghold
Dream Halls,Stronghold
Bloom Tender,Eventide
Hermit Druid,Stronghold
Crumbling Ashes,Eventide
Mogg Infestation,Stronghold
Deathbringer Liege,Eventide
Mox Diamond,Stronghold
Endless Horizons,Eventide
Sliver Queen,Stronghold
Volrath's Stronghold,Stronghold
Aluren,Tempest
Helix Pinnacle,Eventide
Coffin Queen,Tempest
Primalcrux,Eventide
Corpse Dance,Tempest
Rugged Prairie,Eventide
Cursed Scroll,Tempest
Sanity Grinding,Eventide
Earthcraft,Tempest
Sapling of Colfenor,Eventide
"Eladamri, Lord of Leaves",Tempest
Scarecrone,Eventide
Grindstone,Tempest
Stigma Lasher,Eventide
Horned Sliver,Tempest
Humility,Tempest
Ward of Bones,Eventide
Intuition,Tempest
Waves of Aggression,Eventide
Lotus Petal,Tempest
Boon Reflection,Shadowmoor
Mana Severance,Tempest
Dire Undercurrents,Shadowmoor
Meditate,Tempest
Enchanted Evening,Shadowmoor
Mirri's Guile,Tempest
Fire-Lit Thicket,Shadowmoor
Fracturing Gust,Shadowmoor
Greater Auramancy,Shadowmoor
Knollspine Dragon,Shadowmoor
Mana Reflection,Shadowmoor
Scroll Rack,Tempest
Mystic Gate,Shadowmoor
Painter's Servant,Shadowmoor
Polluted Bonds,Shadowmoor
Prismatic Omen,Shadowmoor
Rhys the Redeemed,Shadowmoor
River Kelpie,Shadowmoor
Runed Halo,Shadowmoor
Savor the Moment,Shadowmoor
Sunken Ruins,Shadowmoor
"Sygg, River Cutthroat",Shadowmoor
Umbral Mantle,Shadowmoor
Vexing Shusher,Shadowmoor
Wheel of Sun and Moon,Shadowmoor
Wooded Bastion,Shadowmoor
Wound Reflection,Shadowmoor
Ghastlord of Fugue,Shadowmoor
Reaper King,Shadowmoor
Idyllic Tutor,Morningtide
Lightning Crafter,Morningtide
Maralen of the Mornsong,Morningtide
Notorious Throng,Morningtide
Primal Beyond,Morningtide
Shared Animosity,Morningtide
Auntie's Hovel,Lorwyn
Dolmen Gate,Lorwyn
Dread,Lorwyn
Forced Fruition,Lorwyn
Gilt-Leaf Palace,Lorwyn
Heat Shimmer,Lorwyn
Mistbind Clique,Lorwyn
Rings of Brighthearth,Lorwyn
Secluded Glen,Lorwyn
Shapesharer,Lorwyn
Shelldock Isle,Lorwyn
Thorn of Amethyst,Lorwyn
Timber Protector,Lorwyn
Goblin King,10th Edition
Goblin Lore,10th Edition
